site_id,geo_lat,geo_lon,data_type,data_class,data_source,event,manual_error
10052,44.9,-97.0,GIC,measured,NERC,2021-05-12,
10064,41.8,-88.2,GIC,measured,NERC,2021-05-12,
10065,41.8,-87.8,GIC,measured,NERC,2021-05-12,
10066,41.6,-87.9,GIC,measured,NERC,2021-05-12,
10067,42.1,-87.9,GIC,measured,NERC,2021-05-12,
10068,42.0,-88.2,GIC,measured,NERC,2021-05-12,
10069,41.9,-87.7,GIC,measured,NERC,2021-05-12,
10071,42.2,-88.9,GIC,measured,NERC,2021-05-12,
10072,42.2,-88.9,GIC,measured,NERC,2021-05-12,
10073,41.6,-87.7,GIC,measured,NERC,2021-05-12,
10074,41.2,-87.9,GIC,measured,NERC,2021-05-12,
10075,41.7,-87.5,GIC,measured,NERC,2021-05-12,
10076,41.8,-88.0,GIC,measured,NERC,2021-05-12,
10094,41.9,-72.5,GIC,measured,NERC,2021-05-12,
10095,41.7,-72.2,GIC,measured,NERC,2021-05-12,
10096,41.8,-72.6,GIC,measured,NERC,2021-05-12,
10097,41.4,-72.1,GIC,measured,NERC,2021-05-12,
10098,41.4,-72.1,GIC,measured,NERC,2021-05-12,
10099,41.4,-73.4,GIC,measured,NERC,2021-05-12,
10100,41.6,-72.9,GIC,measured,NERC,2021-05-12,
10103,38.6,-121.3,GIC,measured,NERC,2021-05-12,
10222,40.2,-75.3,GIC,measured,NERC,2021-05-12,
10223,32.9,-115.7,GIC,measured,NERC,2021-05-12,
10224,40.2,-75.3,GIC,measured,NERC,2021-05-12,
10227,39.5,-97.5,GIC,measured,NERC,2021-05-12,
10229,43.6,-92.7,GIC,measured,NERC,2021-05-12,
10232,45.0,-92.8,GIC,measured,NERC,2021-05-12,
10233,47.6,-122.3,GIC,measured,NERC,2021-05-12,
10237,33.7,-84.9,GIC,measured,NERC,2021-05-12,
10238,31.5,-83.5,GIC,measured,NERC,2021-05-12,
10239,31.3,-81.7,GIC,measured,NERC,2021-05-12,
10244,33.7,-86.6,GIC,measured,NERC,2021-05-12,
10245,33.7,-86.6,GIC,measured,NERC,2021-05-12,
10253,47.5,-116.2,GIC,measured,NERC,2021-05-12,
10254,42.8,-82.5,GIC,measured,NERC,2021-05-12,
10255,45.7,-94.7,GIC,measured,NERC,2021-05-12,
10265,43.6,-116.3,GIC,measured,NERC,2021-05-12,
10266,42.8,-114.4,GIC,measured,NERC,2021-05-12,
10297,46.8,-92.3,GIC,measured,NERC,2021-05-12,
10298,43.4,-88.0,GIC,measured,NERC,2021-05-12,
10299,46.6,-87.4,GIC,measured,NERC,2021-05-12,
10300,46.6,-87.4,GIC,measured,NERC,2021-05-12,
10301,44.0,-88.6,GIC,measured,NERC,2021-05-12,
10302,44.2,-88.1,GIC,measured,NERC,2021-05-12,
10303,44.8,-89.7,GIC,measured,NERC,2021-05-12,
10304,44.8,-89.7,GIC,measured,NERC,2021-05-12,
10305,44.3,-87.5,GIC,measured,NERC,2021-05-12,
10306,44.8,-88.2,GIC,measured,NERC,2021-05-12,
10307,44.4,-88.4,GIC,measured,NERC,2021-05-12,
10309,45.8,-88.0,GIC,measured,NERC,2021-05-12,
10310,43.0,-89.0,GIC,measured,NERC,2021-05-12,
10311,43.0,-89.0,GIC,measured,NERC,2021-05-12,
10312,43.0,-89.0,GIC,measured,NERC,2021-05-12,
10313,44.5,-89.6,GIC,measured,NERC,2021-05-12,
10314,44.5,-89.6,GIC,measured,NERC,2021-05-12,
10315,44.5,-89.6,GIC,measured,NERC,2021-05-12,
10316,43.7,-88.5,GIC,measured,NERC,2021-05-12,
10317,43.7,-88.5,GIC,measured,NERC,2021-05-12,
10318,44.4,-88.7,GIC,measured,NERC,2021-05-12,
10319,43.7,-87.7,GIC,measured,NERC,2021-05-12,
10320,43.7,-87.7,GIC,measured,NERC,2021-05-12,
10321,43.1,-88.0,GIC,measured,NERC,2021-05-12,
10322,43.3,-89.4,GIC,measured,NERC,2021-05-12,
10323,34.6,-117.3,GIC,measured,NERC,2021-05-12,
10329,42.5,-83.5,GIC,measured,NERC,2021-05-12,
10336,44.8,-91.5,GIC,measured,NERC,2021-05-12,
10338,44.8,-91.5,GIC,measured,NERC,2021-05-12,
10339,43.7,-95.7,GIC,measured,NERC,2021-05-12,
10340,43.7,-95.7,GIC,measured,NERC,2021-05-12,
10341,45.0,-93.5,GIC,measured,NERC,2021-05-12,
10342,45.0,-93.5,GIC,measured,NERC,2021-05-12,
10343,47.9,-97.1,GIC,measured,NERC,2021-05-12,
10344,47.9,-97.1,GIC,measured,NERC,2021-05-12,
10345,47.9,-97.1,GIC,measured,NERC,2021-05-12,
10347,47.9,-97.1,GIC,measured,NERC,2021-05-12,
10348,45.5,-94.3,GIC,measured,NERC,2021-05-12,
10349,44.8,-93.6,GIC,measured,NERC,2021-05-12,
10350,44.8,-93.6,GIC,measured,NERC,2021-05-12,
10351,44.8,-93.6,GIC,measured,NERC,2021-05-12,
10352,44.8,-93.6,GIC,measured,NERC,2021-05-12,
10353,45.4,-93.9,GIC,measured,NERC,2021-05-12,
10354,45.9,-91.5,GIC,measured,NERC,2021-05-12,
10355,44.2,-94.0,GIC,measured,NERC,2021-05-12,
10356,44.2,-94.0,GIC,measured,NERC,2021-05-12,
10357,47.7,-117.5,GIC,measured,NERC,2021-05-12,
10397,39.1,-78.3,GIC,measured,NERC,2021-05-12,
10398,41.1,-74.2,GIC,measured,NERC,2021-05-12,
10595,42.5,-83.0,GIC,measured,NERC,2021-05-12,
10596,42.5,-83.0,GIC,measured,NERC,2021-05-12,
10597,41.9,-83.3,GIC,measured,NERC,2021-05-12,
10598,41.9,-83.3,GIC,measured,NERC,2021-05-12,
10618,38.3,-86.2,GIC,measured,NERC,2021-05-12,
10619,38.3,-86.2,GIC,measured,NERC,2021-05-12,
10622,39.3,-86.5,GIC,measured,NERC,2021-05-12,
10623,39.3,-86.5,GIC,measured,NERC,2021-05-12,
10051,44.4,-96.5,GIC,measured,NERC,2021-05-12,
10063,33.4,-112.5,GIC,measured,NERC,2021-05-12,
10077,42.3,-87.9,GIC,measured,NERC,2021-05-12,
10078,42.1,-87.8,GIC,measured,NERC,2021-05-12,
10079,41.5,-87.6,GIC,measured,NERC,2021-05-12,
10080,42.0,-87.9,GIC,measured,NERC,2021-05-12,
10081,41.8,-87.8,GIC,measured,NERC,2021-05-12,
10082,41.6,-87.7,GIC,measured,NERC,2021-05-12,
10083,40.8,-88.6,GIC,measured,NERC,2021-05-12,
10084,41.2,-87.9,GIC,measured,NERC,2021-05-12,
10085,41.2,-87.9,GIC,measured,NERC,2021-05-12,
10102,42.9,-71.3,GIC,measured,NERC,2021-05-12,
10107,34.5,-118.1,GIC,measured,NERC,2021-05-12,
10110,33.1,-95.0,GIC,measured,NERC,2021-05-12,
10111,43.4,-123.0,GIC,measured,NERC,2021-05-12,
10112,47.7,-117.4,GIC,measured,NERC,2021-05-12,
10113,45.6,-121.1,GIC,measured,NERC,2021-05-12,
10114,46.5,-116.9,GIC,measured,NERC,2021-05-12,
10115,47.6,-114.6,GIC,measured,NERC,2021-05-12,
10116,47.9,-121.9,GIC,measured,NERC,2021-05-12,
10117,45.3,-122.8,GIC,measured,NERC,2021-05-12,
10118,45.7,-122.6,GIC,measured,NERC,2021-05-12,
10119,47.5,-120.3,GIC,measured,NERC,2021-05-12,
10120,47.8,-122.2,GIC,measured,NERC,2021-05-12,
10121,46.9,-119.9,GIC,measured,NERC,2021-05-12,
10230,43.6,-92.7,GIC,measured,NERC,2021-05-12,
10231,45.0,-92.8,GIC,measured,NERC,2021-05-12,
10234,30.8,-88.1,GIC,measured,NERC,2021-05-12,
10235,33.3,-87.4,GIC,measured,NERC,2021-05-12,
10236,33.7,-86.6,GIC,measured,NERC,2021-05-12,
10240,40.8,-73.6,GIC,measured,NERC,2021-05-12,
10241,33.7,-86.6,GIC,measured,NERC,2021-05-12,
10242,33.7,-86.6,GIC,measured,NERC,2021-05-12,
10243,33.7,-86.6,GIC,measured,NERC,2021-05-12,
10246,33.7,-86.6,GIC,measured,NERC,2021-05-12,
10257,47.4,-101.2,GIC,measured,NERC,2021-05-12,
10258,47.4,-101.2,GIC,measured,NERC,2021-05-12,
10259,47.4,-101.2,GIC,measured,NERC,2021-05-12,
10260,47.4,-101.2,GIC,measured,NERC,2021-05-12,
10261,45.1,-93.8,GIC,measured,NERC,2021-05-12,
10262,45.1,-93.8,GIC,measured,NERC,2021-05-12,
10263,45.1,-93.8,GIC,measured,NERC,2021-05-12,
10264,45.1,-93.8,GIC,measured,NERC,2021-05-12,
10291,43.4,-72.7,GIC,measured,NERC,2021-05-12,
10292,44.1,-72.5,GIC,measured,NERC,2021-05-12,
10293,43.0,-72.7,GIC,measured,NERC,2021-05-12,
10294,44.1,-73.2,GIC,measured,NERC,2021-05-12,
10295,42.8,-72.5,GIC,measured,NERC,2021-05-12,
10296,43.6,-73.1,GIC,measured,NERC,2021-05-12,
10332,44.0,-91.3,GIC,measured,NERC,2021-05-12,
10333,44.4,-96.5,GIC,measured,NERC,2021-05-12,
10334,44.4,-96.5,GIC,measured,NERC,2021-05-12,
10335,45.1,-93.5,GIC,measured,NERC,2021-05-12,
10346,47.9,-97.1,GIC,measured,NERC,2021-05-12,
10359,33.7,-111.9,GIC,measured,NERC,2021-05-12,
10360,40.2,-75.3,GIC,measured,NERC,2021-05-12,
10361,40.2,-75.3,GIC,measured,NERC,2021-05-12,
10362,39.8,-76.3,GIC,measured,NERC,2021-05-12,
10363,40.2,-75.6,GIC,measured,NERC,2021-05-12,
10364,40.2,-75.6,GIC,measured,NERC,2021-05-12,
10399,39.1,-78.3,GIC,measured,NERC,2021-05-12,
10400,39.1,-78.3,GIC,measured,NERC,2021-05-12,
10401,39.1,-78.3,GIC,measured,NERC,2021-05-12,
10402,39.5,-78.9,GIC,measured,NERC,2021-05-12,
10403,39.5,-78.9,GIC,measured,NERC,2021-05-12,
10404,39.5,-77.9,GIC,measured,NERC,2021-05-12,
10405,39.5,-77.9,GIC,measured,NERC,2021-05-12,
10406,39.5,-77.9,GIC,measured,NERC,2021-05-12,
10407,39.5,-77.9,GIC,measured,NERC,2021-05-12,
10408,39.7,-80.0,GIC,measured,NERC,2021-05-12,
10409,39.3,-77.5,GIC,measured,NERC,2021-05-12,
10410,39.3,-77.5,GIC,measured,NERC,2021-05-12,
10411,39.3,-77.5,GIC,measured,NERC,2021-05-12,
10412,39.3,-77.5,GIC,measured,NERC,2021-05-12,
10413,39.3,-77.5,GIC,measured,NERC,2021-05-12,
10414,39.4,-77.4,GIC,measured,NERC,2021-05-12,
10417,41.2,-73.2,GIC,measured,NERC,2021-05-12,
10420,39.5,-75.5,GIC,measured,NERC,2021-05-12,
10421,39.5,-75.5,GIC,measured,NERC,2021-05-12,
10422,41.2,-73.2,GIC,measured,NERC,2021-05-12,
10423,40.6,-74.2,GIC,measured,NERC,2021-05-12,
10424,40.6,-74.2,GIC,measured,NERC,2021-05-12,
10425,36.8,-78.7,GIC,measured,NERC,2021-05-12,
10426,38.1,-78.8,GIC,measured,NERC,2021-05-12,
10427,39.0,-77.5,GIC,measured,NERC,2021-05-12,
10428,36.7,-76.5,GIC,measured,NERC,2021-05-12,
10429,36.7,-76.3,GIC,measured,NERC,2021-05-12,
10441,34.2,-81.6,GIC,measured,NERC,2021-05-12,
10442,33.8,-78.9,GIC,measured,NERC,2021-05-12,
10086,27.7,-82.0,GIC,measured,NERC,2021-05-12,
10087,27.9,-82.4,GIC,measured,NERC,2021-05-12,
10088,27.9,-82.4,GIC,measured,NERC,2021-05-12,
10089,27.8,-82.4,GIC,measured,NERC,2021-05-12,
10090,27.8,-82.1,GIC,measured,NERC,2021-05-12,
10091,27.7,-82.3,GIC,measured,NERC,2021-05-12,
10180,41.7,-73.8,GIC,measured,NERC,2021-05-12,
10181,41.9,-74.0,GIC,measured,NERC,2021-05-12,
10182,26.6,-98.5,GIC,measured,NERC,2021-05-12,
10183,41.1,-76.7,GIC,measured,NERC,2021-05-12,
10188,40.2,-74.5,GIC,measured,NERC,2021-05-12,
10191,41.3,-90.5,GIC,measured,NERC,2021-05-12,
10192,41.1,-95.7,GIC,measured,NERC,2021-05-12,
10193,41.6,-71.4,GIC,measured,NERC,2021-05-12,
10194,42.6,-73.9,GIC,measured,NERC,2021-05-12,
10195,39.7,-74.9,GIC,measured,NERC,2021-05-12,
10196,33.3,-111.9,GIC,measured,NERC,2021-05-12,
10197,36.4,-82.2,GIC,measured,NERC,2021-05-12,
10199,35.0,-84.9,GIC,measured,NERC,2021-05-12,
10201,36.5,-87.2,GIC,measured,NERC,2021-05-12,
10202,34.9,-90.0,GIC,measured,NERC,2021-05-12,
10203,35.0,-85.3,GIC,measured,NERC,2021-05-12,
10204,35.3,-89.8,GIC,measured,NERC,2021-05-12,
10205,36.2,-88.8,GIC,measured,NERC,2021-05-12,
10206,34.8,-85.7,GIC,measured,NERC,2021-05-12,
10207,36.0,-84.1,GIC,measured,NERC,2021-05-12,
10208,35.8,-86.5,GIC,measured,NERC,2021-05-12,
10209,34.8,-85.7,GIC,measured,NERC,2021-05-12,
10210,34.7,-86.5,GIC,measured,NERC,2021-05-12,
10211,34.3,-88.8,GIC,measured,NERC,2021-05-12,
10212,36.0,-86.6,GIC,measured,NERC,2021-05-12,
10216,40.9,-73.8,GIC,measured,NERC,2021-05-12,
10219,36.1,-81.0,GIC,measured,NERC,2021-05-12,
10220,39.4,-87.4,GIC,measured,NERC,2021-05-12,
10248,32.8,-80.6,GIC,measured,NERC,2021-05-12,
10249,33.3,-81.0,GIC,measured,NERC,2021-05-12,
10250,34.1,-80.9,GIC,measured,NERC,2021-05-12,
10251,35.9,-82.3,GIC,measured,NERC,2021-05-12,
10252,36.4,-79.0,GIC,measured,NERC,2021-05-12,
10267,42.4,-85.6,GIC,measured,NERC,2021-05-12,
10268,43.0,-83.9,GIC,measured,NERC,2021-05-12,
10269,43.0,-83.7,GIC,measured,NERC,2021-05-12,
10271,42.7,-84.8,GIC,measured,NERC,2021-05-12,
10272,43.2,-83.6,GIC,measured,NERC,2021-05-12,
10273,42.9,-82.5,GIC,measured,NERC,2021-05-12,
10274,42.9,-82.7,GIC,measured,NERC,2021-05-12,
10275,43.8,-83.1,GIC,measured,NERC,2021-05-12,
10276,42.6,-84.0,GIC,measured,NERC,2021-05-12,
10280,42.4,-85.6,GIC,measured,NERC,2021-05-12,
10281,43.0,-83.9,GIC,measured,NERC,2021-05-12,
10282,43.0,-83.7,GIC,measured,NERC,2021-05-12,
10283,43.6,-84.2,GIC,measured,NERC,2021-05-12,
10284,43.2,-83.6,GIC,measured,NERC,2021-05-12,
10286,43.8,-83.1,GIC,measured,NERC,2021-05-12,
10290,39.5,-97.5,GIC,measured,NERC,2021-05-12,
10325,29.8,-95.2,GIC,measured,NERC,2021-05-12,
10366,42.4,-71.8,GIC,measured,NERC,2021-05-12,
10367,42.4,-71.8,GIC,measured,NERC,2021-05-12,
10368,42.4,-71.8,GIC,measured,NERC,2021-05-12,
10369,42.4,-71.8,GIC,measured,NERC,2021-05-12,
10370,42.4,-71.8,GIC,measured,NERC,2021-05-12,
10371,42.4,-71.8,GIC,measured,NERC,2021-05-12,
10372,42.4,-71.8,GIC,measured,NERC,2021-05-12,
10373,42.6,-73.9,GIC,measured,NERC,2021-05-12,
10376,40.9,-73.9,GIC,measured,NERC,2021-05-12,
10377,40.7,-74.0,GIC,measured,NERC,2021-05-12,
10378,40.7,-74.0,GIC,measured,NERC,2021-05-12,
10379,40.7,-74.0,GIC,measured,NERC,2021-05-12,
10380,41.1,-73.8,GIC,measured,NERC,2021-05-12,
10381,40.7,-74.0,GIC,measured,NERC,2021-05-12,
10382,40.6,-74.2,GIC,measured,NERC,2021-05-12,
10383,40.6,-74.2,GIC,measured,NERC,2021-05-12,
10384,40.7,-74.0,GIC,measured,NERC,2021-05-12,
10386,40.8,-73.9,GIC,measured,NERC,2021-05-12,
10387,41.0,-73.9,GIC,measured,NERC,2021-05-12,
10388,41.0,-73.9,GIC,measured,NERC,2021-05-12,
10430,39.6,-75.6,GIC,measured,NERC,2021-05-12,
10431,39.6,-75.7,GIC,measured,NERC,2021-05-12,
10432,38.5,-76.6,GIC,measured,NERC,2021-05-12,
10433,38.5,-76.6,GIC,measured,NERC,2021-05-12,
10434,39.5,-75.1,GIC,measured,NERC,2021-05-12,
10435,39.4,-74.6,GIC,measured,NERC,2021-05-12,
10436,39.4,-74.6,GIC,measured,NERC,2021-05-12,
10456,38.2,-82.6,GIC,measured,NERC,2021-05-12,
10457,38.2,-82.6,GIC,measured,NERC,2021-05-12,
10458,42.2,-86.3,GIC,measured,NERC,2021-05-12,
10460,28.9,-96.2,GIC,measured,NERC,2021-05-12,
10461,32.2,-100.0,GIC,measured,NERC,2021-05-12,
10463,35.4,-99.7,GIC,measured,NERC,2021-05-12,
10464,35.4,-99.7,GIC,measured,NERC,2021-05-12,
10465,37.4,-79.9,GIC,measured,NERC,2021-05-12,
10467,37.4,-79.9,GIC,measured,NERC,2021-05-12,
10468,37.4,-79.9,GIC,measured,NERC,2021-05-12,
10469,37.4,-79.9,GIC,measured,NERC,2021-05-12,
10470,37.4,-79.9,GIC,measured,NERC,2021-05-12,
10471,37.4,-79.9,GIC,measured,NERC,2021-05-12,
10472,40.0,-83.2,GIC,measured,NERC,2021-05-12,
10473,28.7,-97.2,GIC,measured,NERC,2021-05-12,
10474,28.7,-97.2,GIC,measured,NERC,2021-05-12,
10475,40.2,-81.9,GIC,measured,NERC,2021-05-12,
10478,42.0,-86.6,GIC,measured,NERC,2021-05-12,
10483,39.0,-83.0,GIC,measured,NERC,2021-05-12,
10484,39.0,-83.0,GIC,measured,NERC,2021-05-12,
10485,39.0,-83.0,GIC,measured,NERC,2021-05-12,
10487,41.5,-86.4,GIC,measured,NERC,2021-05-12,
10491,40.8,-84.0,GIC,measured,NERC,2021-05-12,
10492,40.8,-84.0,GIC,measured,NERC,2021-05-12,
10493,36.7,-79.9,GIC,measured,NERC,2021-05-12,
10494,36.7,-79.9,GIC,measured,NERC,2021-05-12,
10495,36.7,-79.9,GIC,measured,NERC,2021-05-12,
10496,36.3,-94.5,GIC,measured,NERC,2021-05-12,
10497,40.5,-84.1,GIC,measured,NERC,2021-05-12,
10498,40.2,-83.1,GIC,measured,NERC,2021-05-12,
10499,40.2,-83.1,GIC,measured,NERC,2021-05-12,
10502,36.9,-80.8,GIC,measured,NERC,2021-05-12,
10506,38.7,-85.4,GIC,measured,NERC,2021-05-12,
10507,40.1,-82.7,GIC,measured,NERC,2021-05-12,
10509,39.8,-80.8,GIC,measured,NERC,2021-05-12,
10510,38.2,-81.4,GIC,measured,NERC,2021-05-12,
10512,40.0,-82.6,GIC,measured,NERC,2021-05-12,
10513,26.1,-97.6,GIC,measured,NERC,2021-05-12,
10515,26.1,-97.6,GIC,measured,NERC,2021-05-12,
10516,39.6,-81.2,GIC,measured,NERC,2021-05-12,
10518,27.6,-99.3,GIC,measured,NERC,2021-05-12,
10519,27.8,-97.6,GIC,measured,NERC,2021-05-12,
10520,27.8,-97.6,GIC,measured,NERC,2021-05-12,
10521,31.3,-103.1,GIC,measured,NERC,2021-05-12,
10524,40.2,-83.0,GIC,measured,NERC,2021-05-12,
10525,40.2,-83.0,GIC,measured,NERC,2021-05-12,
10528,37.2,-80.2,GIC,measured,NERC,2021-05-12,
10529,37.2,-80.2,GIC,measured,NERC,2021-05-12,
10530,39.0,-81.9,GIC,measured,NERC,2021-05-12,
10531,32.5,-99.8,GIC,measured,NERC,2021-05-12,
10532,32.5,-99.8,GIC,measured,NERC,2021-05-12,
10534,36.6,-82.7,GIC,measured,NERC,2021-05-12,
10537,27.6,-97.7,GIC,measured,NERC,2021-05-12,
10538,26.3,-98.2,GIC,measured,NERC,2021-05-12,
10539,26.3,-98.2,GIC,measured,NERC,2021-05-12,
10542,36.0,-95.7,GIC,measured,NERC,2021-05-12,
10543,36.0,-95.7,GIC,measured,NERC,2021-05-12,
10545,37.4,-79.1,GIC,measured,NERC,2021-05-12,
10546,37.4,-79.1,GIC,measured,NERC,2021-05-12,
10547,37.4,-79.1,GIC,measured,NERC,2021-05-12,
10548,26.2,-98.2,GIC,measured,NERC,2021-05-12,
10549,26.2,-98.2,GIC,measured,NERC,2021-05-12,
10550,26.3,-97.6,GIC,measured,NERC,2021-05-12,
10551,26.3,-97.6,GIC,measured,NERC,2021-05-12,
10552,40.0,-83.1,GIC,measured,NERC,2021-05-12,
10553,40.0,-83.1,GIC,measured,NERC,2021-05-12,
10556,31.5,-100.3,GIC,measured,NERC,2021-05-12,
10557,31.5,-100.3,GIC,measured,NERC,2021-05-12,
10561,41.0,-83.3,GIC,measured,NERC,2021-05-12,
10563,40.7,-81.4,GIC,measured,NERC,2021-05-12,
10564,40.7,-84.2,GIC,measured,NERC,2021-05-12,
10567,39.2,-87.5,GIC,measured,NERC,2021-05-12,
10568,39.2,-87.5,GIC,measured,NERC,2021-05-12,
10569,39.2,-87.5,GIC,measured,NERC,2021-05-12,
10570,40.2,-80.7,GIC,measured,NERC,2021-05-12,
10571,40.2,-80.7,GIC,measured,NERC,2021-05-12,
10573,38.4,-82.5,GIC,measured,NERC,2021-05-12,
10574,38.4,-82.5,GIC,measured,NERC,2021-05-12,
10575,41.7,-86.1,GIC,measured,NERC,2021-05-12,
10576,41.7,-86.1,GIC,measured,NERC,2021-05-12,
10581,32.8,-94.5,GIC,measured,NERC,2021-05-12,
50100,30.4,-89.6,B,measured,NERC,2021-05-12,
50078,34.5,-118.1,B,measured,NERC,2021-05-12,
50112,48.3,-117.1,B,measured,NERC,2021-05-12,
50129,40.3,-83.4,B,measured,NERC,2021-05-12,
50130,40.2,-82.8,B,measured,NERC,2021-05-12,
50102,42.1,-72.5,B,measured,NERC,2021-05-12,
50103,33.3,-89.2,B,measured,NERC,2021-05-12,
50105,34.7,-87.8,B,measured,NERC,2021-05-12,
50106,36.3,-86.4,B,measured,NERC,2021-05-12,
50109,35.6,-84.7,B,measured,NERC,2021-05-12,
50115,41.3,-90.5,B,measured,NERC,2021-05-12,
50116,37.2,-86.9,B,measured,NERC,2021-05-12,
50119,35.0,-85.3,B,measured,NERC,2021-05-12,
50120,34.3,-88.8,B,measured,NERC,2021-05-12,
50121,35.0,-90.1,B,measured,NERC,2021-05-12,
50123,28.9,-82.4,B,measured,NERC,2021-05-12,
