site_id,geo_lat,geo_lon,data_type,data_class,data_source,error,nearest_sim_site,interpolated_beta,power_pool,US_region,nearest_volt,mag_lat,mag_lon
10052,44.9,-97.0,GIC,measured,NERC,,,1.4613600380655098,SPP,Central,,53.12266961345263,-29.12745069034996
10064,41.8,-88.2,GIC,measured,NERC,stays at zero,,0.9992471574670887,PJM,East,138.0,50.59994897345116,-18.356939173234338
10065,41.8,-87.8,GIC,measured,NERC,"periods of missing data, otherwise fine",,0.909356959861706,PJM,East,,50.61983157687961,-17.888095198614135
10066,41.6,-87.9,GIC,measured,NERC,"not centered on zero, noisy",,0.8800135763626162,PJM,East,,50.415345218108726,-17.984532748887826
10067,42.1,-87.9,GIC,measured,NERC,"all negative, not smooth",,1.1739638468547255,PJM,East,,50.91424401028079,-18.036858097352756
10068,42.0,-88.2,GIC,measured,NERC,"periods of missing data, otherwise fine",,1.1501378826302473,PJM,East,,50.79949073735103,-18.378302033847344
10069,41.9,-87.7,GIC,measured,NERC,very noisy,,0.9673350159942893,PJM,East,,50.724509778560844,-17.781180329467578
10071,42.2,-88.9,GIC,measured,NERC,very noisy,,1.5978375054340321,PJM,East,,50.96295977577897,-19.22152304002446
10072,42.2,-88.9,GIC,measured,NERC,"periods of missing data, otherwise fine",,1.5978375054340321,PJM,East,,50.96295977577897,-19.22152304002446
10073,41.6,-87.7,GIC,measured,NERC,very noisy,,0.8350684775599249,PJM,East,,50.42515119550829,-17.750306198965294
10074,41.2,-87.9,GIC,measured,NERC,"periods of missing data, otherwise fine",,0.7763817105617404,PJM,East,,50.01620959763728,-17.94345975756685
10075,41.7,-87.5,GIC,measured,NERC,1-min cadence,,0.8160313452074529,PJM,East,,50.53462523480616,-17.52613761355888
10076,41.8,-88.0,GIC,measured,NERC,,,0.9543020586643974,PJM,East,,50.60995241391443,-18.122548497006406
10094,41.9,-72.5,GIC,measured,NERC,not smooth,,2.929623783371682,ISONE,East,,51.09540348837028,0.17276501186898277
10095,41.7,-72.2,GIC,measured,NERC,stays at zero,,2.5428320075460182,ISONE,East,,50.89511057648579,0.5276844279119035
10096,41.8,-72.6,GIC,measured,NERC,stays at zero,,3.171537678413347,ISONE,East,345.0,50.99543514841495,0.05421654099753206
10097,41.4,-72.1,GIC,measured,NERC,"1-min cadence, missing periods of data",,2.324064908774785,ISONE,East,,50.594947764156686,0.6449180097002457
10098,41.4,-72.1,GIC,measured,NERC,"1-min cadence, missing periods of data",,2.324064908774785,ISONE,East,,50.594947764156686,0.6449180097002457
10099,41.4,-73.4,GIC,measured,NERC,,,2.7748233392986035,NYISO,East,,50.59450122317118,-0.891235153758555
10100,41.6,-72.9,GIC,measured,NERC,stays at zero,,3.187275795663601,ISONE,East,,50.79533197981924,-0.3007636942029603
10103,38.6,-121.3,GIC,measured,NERC,very noisy,,0.5766122104959627,NotOrder1000,West,,44.29589396114258,-55.057803844931016
10222,40.2,-75.3,GIC,measured,NERC,"periods of missing data, otherwise fine",,2.691713307197934,PJM,East,230.0,49.38391243108045,-3.114593689367434
10223,32.9,-115.7,GIC,measured,NERC,"really low values, missing periods of data",,1.0780617886924158,WestConnect,West,,39.36332090269839,-47.85020020359207
10224,40.2,-75.3,GIC,measured,NERC,"periods of missing data, otherwise fine",,2.691713307197934,PJM,East,230.0,49.38391243108045,-3.114593689367434
10229,43.6,-92.7,GIC,measured,NERC,"all positive, not smooth",,1.1145399400687936,MISO,Central,,52.135564442149025,-23.86440255967693
10232,45.0,-92.8,GIC,measured,NERC,a few large spikes,,0.8432142123234811,MISO,Central,,53.52325797267171,-24.193098436461177
10233,47.6,-122.3,GIC,measured,NERC,no data available,,0.7863563266877992,NorthernGridConnected,West,,53.00862418660696,-58.66282029143622
10237,33.7,-84.9,GIC,measured,NERC,noisy,,1.4445260600745655,SERTP,East,,42.65898252608902,-13.893449678359346
10238,31.5,-83.5,GIC,measured,NERC,,,0.9257162349465203,SERTP,East,230.0,40.51147953480865,-12.192004677450699
10239,31.3,-81.7,GIC,measured,NERC,too smooth,,1.1620205240966242,SERTP,East,230.0,40.36737310536475,-10.165108961760653
10253,47.5,-116.2,GIC,measured,NERC,a little noisy,,0.4344943757814788,NorthernGridConnected,West,,53.7112398450634,-51.86200584780754
10254,42.8,-82.5,GIC,measured,NERC,"too high, noisy",,0.6150394477268439,MISO,Central,,51.83475284736642,-11.724937399966066
10255,45.7,-94.7,GIC,measured,NERC,,,2.069921759555765,MISO,Central,,54.08981717951189,-26.559116082770103
10265,43.6,-116.3,GIC,measured,NERC,not centered on zero,,0.14858720260843974,NorthernGridConnected,West,138.0,49.861297318603384,-50.847672114181734
10266,42.8,-114.4,GIC,measured,NERC,some peaks,,0.23608423038489718,NorthernGridConnected,West,,49.30407494003185,-48.53518063737676
10297,46.8,-92.3,GIC,measured,NERC,some peaks,,1.8714973966240973,MISO,Central,115.0,55.34791231415436,-23.88704365603016
10298,43.4,-88.0,GIC,measured,NERC,"too low, noisy",,1.5289654735567622,MISO,Central,,52.206265514388505,-18.296613661051808
10299,46.6,-87.4,GIC,measured,NERC,data cut off at zero,,1.2584233259576691,MISO,Central,,55.42817041393754,-17.961204802541033
10300,46.6,-87.4,GIC,measured,NERC,data cut off at zero,,1.2584233259576691,MISO,Central,,55.42817041393754,-17.961204802541033
10301,44.0,-88.6,GIC,measured,NERC,some peaks,,1.6600117205555995,MISO,Central,138.0,52.7740397519979,-19.07702107409158
10302,44.2,-88.1,GIC,measured,NERC,stays constant,,1.326821049844309,MISO,Central,,52.99926433933795,-18.50723796844084
10303,44.8,-89.7,GIC,measured,NERC,"too low, noisy",,1.0464862727242994,MISO,Central,,53.512259350965714,-20.484513209126753
10304,44.8,-89.7,GIC,measured,NERC,"too low, noisy",,1.0464862727242994,MISO,Central,,53.512259350965714,-20.484513209126753
10306,44.8,-88.2,GIC,measured,NERC,data cut off at zero,,1.2345599369449158,MISO,Central,,53.59263213777806,-18.69802249770813
10307,44.4,-88.4,GIC,measured,NERC,"not centered, noisy",,1.24281518276483,MISO,Central,,53.18338297653477,-18.887683206599124
10308,42.5,-89.1,GIC,measured,NERC,some peaks,,1.9542158803012366,MISO,Central,,51.25159549339307,-19.49057650519328
10309,45.8,-88.0,GIC,measured,NERC,data cut off at zero,,1.0855066860857323,MISO,Central,69.0,54.600207341760736,-18.582599161039727
10310,43.0,-89.0,GIC,measured,NERC,not centered on zero,,1.8850193207072117,MISO,Central,,51.755603607847625,-19.431156210570478
10311,43.0,-89.0,GIC,measured,NERC,noisy,,1.8850193207072117,MISO,Central,,51.755603607847625,-19.431156210570478
10312,43.0,-89.0,GIC,measured,NERC,noisy,,1.8850193207072117,MISO,Central,,51.755603607847625,-19.431156210570478
10313,44.5,-89.6,GIC,measured,NERC,noisy,,1.212655004665201,MISO,Central,345.0,53.21875251204676,-20.326280452720194
10314,44.5,-89.6,GIC,measured,NERC,stays constant,,1.212655004665201,MISO,Central,345.0,53.21875251204676,-20.326280452720194
10315,44.5,-89.6,GIC,measured,NERC,noisy,,1.212655004665201,MISO,Central,345.0,53.21875251204676,-20.326280452720194
10316,43.7,-88.5,GIC,measured,NERC,noisy,,1.763343750849685,MISO,Central,,52.48002410916835,-18.922868067236763
10317,43.7,-88.5,GIC,measured,NERC,noisy,,1.763343750849685,MISO,Central,,52.48002410916835,-18.922868067236763
10318,44.4,-88.7,GIC,measured,NERC,some peaks,,1.2746208789783278,MISO,Central,345.0,53.16772278482989,-19.244342322176493
10321,43.1,-88.0,GIC,measured,NERC,some peaks,,1.572139297661632,MISO,Central,,51.9069767036207,-18.26303823654119
10322,43.3,-89.4,GIC,measured,NERC,noisy,,2.0578805688626756,MISO,Central,,52.03325447383141,-19.938626932314442
10336,44.8,-91.5,GIC,measured,NERC,1-min cadence,,1.0779706740382997,MISO,Central,,53.406591125902374,-22.62238472761247
10338,44.8,-91.5,GIC,measured,NERC,high cadence,,1.0779706740382997,MISO,Central,,53.406591125902374,-22.62238472761247
10339,43.7,-95.7,GIC,measured,NERC,noisy,,1.2680504229953962,MISO,Central,,52.02775495551618,-27.396214974085165
10340,43.7,-95.7,GIC,measured,NERC,noisy,,1.2680504229953962,MISO,Central,,52.02775495551618,-27.396214974085165
10341,45.0,-93.5,GIC,measured,NERC,high cadence,,0.830843512382833,MISO,Central,115.0,53.47667928488861,-25.021545554768856
10342,45.0,-93.5,GIC,measured,NERC,"high cadence, missing periods of data",,0.830843512382833,MISO,Central,115.0,53.47667928488861,-25.021545554768856
10343,47.9,-97.1,GIC,measured,NERC,"high cadence, missing periods of data",,1.973718919571009,MISO,Central,69.0,56.095214716493366,-29.837254381886662
10344,47.9,-97.1,GIC,measured,NERC,"high cadence, missing periods of data",,1.973718919571009,MISO,Central,69.0,56.095214716493366,-29.837254381886662
10345,47.9,-97.1,GIC,measured,NERC,"high cadence, missing periods of data",,1.973718919571009,MISO,Central,69.0,56.095214716493366,-29.837254381886662
10347,47.9,-97.1,GIC,measured,NERC,"high cadence, missing periods of data",,1.973718919571009,MISO,Central,69.0,56.095214716493366,-29.837254381886662
10348,45.5,-94.3,GIC,measured,NERC,high cadence,,1.557177655525663,MISO,Central,,53.91917072420244,-26.050930738286684
10349,44.8,-93.6,GIC,measured,NERC,"high cadence, missing periods of data",,0.9811921599604532,MISO,Central,,53.270824939253465,-25.10769301184261
10350,44.8,-93.6,GIC,measured,NERC,"high cadence, missing periods of data",,0.9811921599604532,MISO,Central,,53.270824939253465,-25.10769301184261
10351,44.8,-93.6,GIC,measured,NERC,"noisy, missing periods of data",,0.9811921599604532,MISO,Central,,53.270824939253465,-25.10769301184261
10352,44.8,-93.6,GIC,measured,NERC,"noisy, missing periods of data",,0.9811921599604532,MISO,Central,,53.270824939253465,-25.10769301184261
10353,45.4,-93.9,GIC,measured,NERC,high cadence,,1.0959693941101911,MISO,Central,345.0,53.84748960893862,-25.56038007005592
10354,45.9,-91.5,GIC,measured,NERC,"high cadence, missing periods of data",,1.077550657076097,MISO,Central,,54.50234580394372,-22.78648077663742
10355,44.2,-94.0,GIC,measured,NERC,"high cadence, noisy",,1.3178553957476833,MISO,Central,345.0,52.64626788375031,-25.483776656895035
10356,44.2,-94.0,GIC,measured,NERC,"high cadence, noisy",,1.3178553957476833,MISO,Central,345.0,52.64626788375031,-25.483776656895035
10357,47.7,-117.5,GIC,measured,NERC,very noisy,,0.6980376656756322,NorthernGridConnected,West,115.0,53.74258381366064,-53.38081153148448
10358,38.7,-121.2,GIC,measured,NERC,"not smooth, missing periods of data",,0.5169217895347824,NotOrder1000,West,,44.407571452122745,-54.97357666744823
10389,38.3,-87.4,GIC,measured,NERC,"not smooth, missing periods of data",,0.5245947440295479,MISO,Central,,47.14593832401111,-17.088979105099302
10397,39.1,-78.3,GIC,measured,NERC,some peaks,,2.0731811017327963,PJM,East,,48.24350108891128,-6.592684159984456
10398,41.1,-74.2,GIC,measured,NERC,noisy,,2.4943337505101617,NYISO,East,,50.29146531909845,-1.8333021763432695
10586,34.0,-118.5,GIC,measured,NERC,no data availible,,1.299364227218366,CAISO,West,,40.11162809281518,-51.06416228867025
10587,46.4,-117.0,GIC,measured,NERC,,,0.7112390905451829,NorthernGridConnected,West,,52.52926040535698,-52.41751120647965
10591,35.8,-106.1,GIC,measured,NERC,no data availible,,0.42741141774154867,WestConnect,West,,43.28104313171106,-37.89164814417783
10592,43.2,-84.5,GIC,measured,NERC,missing periods of data,,0.5365818570603087,MISO,Central,,52.162781353702115,-14.129674637709373
10603,42.6,-83.0,GIC,measured,NERC,missing periods of data,,0.6489573220437774,MISO,Central,345.0,51.61832629829987,-12.30294921956022
10605,45.3,-122.6,GIC,measured,NERC,"not smooth, all positive",,0.8880410561791788,NorthernGridConnected,West,,50.71317586500968,-58.25425232291691
10606,41.3,-72.9,GIC,measured,NERC,high cadence,,2.519333459417882,ISONE,East,,50.49533216736924,-0.3002346815007629
10607,41.3,-72.9,GIC,measured,NERC,high cadence,,2.519333459417882,ISONE,East,,50.49533216736924,-0.3002346815007629
10608,41.2,-73.2,GIC,measured,NERC,no data available,,2.359721585037499,ISONE,East,,50.394933031954444,-0.654142907991488
10609,41.2,-73.2,GIC,measured,NERC,no data available,,2.359721585037499,ISONE,East,,50.394933031954444,-0.654142907991488
10611,39.6,-92.6,GIC,measured,NERC,noisy,,1.2699476826377936,SERTP,East,,48.15655876922653,-23.214472406956787
10612,30.5,-87.2,GIC,measured,NERC,stays at zero,,0.12732636454494772,SERTP,East,,39.3672045045272,-16.26460695333825
10613,29.6,-81.6,GIC,measured,NERC,stays at zero,,1.0875366213723825,FRCC,East,115.0,38.6710621264078,-9.981945596175965
10614,29.6,-81.6,GIC,measured,NERC,stays at zero,,1.0875366213723825,FRCC,East,115.0,38.6710621264078,-9.981945596175965
10615,29.6,-81.6,GIC,measured,NERC,not smooth,,1.0875366213723825,FRCC,East,115.0,38.6710621264078,-9.981945596175965
10616,29.6,-81.6,GIC,measured,NERC,stays at zero,,1.0875366213723825,FRCC,East,115.0,38.6710621264078,-9.981945596175965
10617,28.8,-81.3,GIC,measured,NERC,not smooth,,0.7144146924449852,FRCC,East,,37.879609855083594,-9.61677062420834
10618,38.3,-86.2,GIC,measured,NERC,,,0.5330126156362351,MISO,Central,,47.20007198969717,-15.705927667022344
10619,38.3,-86.2,GIC,measured,NERC,,,0.5330126156362351,MISO,Central,,47.20007198969717,-15.705927667022344
10620,39.1,-87.5,GIC,measured,NERC,missing periods of data,,0.4657602038935467,MISO,Central,,47.93975249684287,-17.276073465701657
10621,39.1,-87.5,GIC,measured,NERC,missing periods of data,,0.4657602038935467,MISO,Central,,47.93975249684287,-17.276073465701657
10622,39.3,-86.5,GIC,measured,NERC,,,0.5118813171556331,MISO,Central,69.0,48.18533820217912,-16.136302467294257
10623,39.3,-86.5,GIC,measured,NERC,missing periods of data,,0.5118813171556331,MISO,Central,69.0,48.18533820217912,-16.136302467294257
10642,42.2,-86.3,GIC,measured,NERC,high cadence,,0.5461142418775051,PJM,East,,51.089228427208184,-16.165694047556574
10643,40.5,-85.9,GIC,measured,NERC,high cadence,,0.6847150592020781,MISO,Central,,49.409567440963414,-15.542221957955512
10644,37.7,-81.7,GIC,measured,NERC,not centered at zero,,0.7270994843128518,PJM,East,765.0,46.76350242258741,-10.472847733546743
10664,36.3,-115.3,GIC,measured,NERC,not smooth,,0.28457260940127715,CAISO,West,,42.77524219017449,-48.068758380052955
10665,31.0,-86.0,GIC,measured,NERC,too low,,0.19302078594746425,SERTP,East,,39.91818608241067,-14.959498512783078
10701,41.8,-83.3,GIC,measured,NERC,not smooth,,0.713233725338786,,,,50.80885606334519,-12.597953196256865
10707,38.3,-82.7,GIC,measured,NERC,high cadence,,0.5806159156987967,PJM,East,,47.33237184573525,-11.662744694770119
10708,38.3,-82.7,GIC,measured,NERC,high cadence,,0.5806159156987967,PJM,East,,47.33237184573525,-11.662744694770119
10051,44.4,-96.5,GIC,measured,NERC,lots of peaks,,1.4244053758465474,SPP,Central,,52.664083444883474,-28.45164783310713
10063,33.4,-112.5,GIC,measured,NERC,,,0.5072943140435764,WestConnect,West,,40.22740945985168,-44.48588093491899
10077,42.3,-87.9,GIC,measured,NERC,,,1.3255865352890053,PJM,East,138.0,51.113796890001325,-18.05810325745471
10078,42.1,-87.8,GIC,measured,NERC,missing periods of data,,1.1540917340532886,PJM,East,,50.91917638366044,-17.919428438630245
10079,41.5,-87.6,GIC,measured,NERC,,,0.7866879617083581,PJM,East,345.0,50.33021682768986,-17.62302944567575
10080,42.0,-87.9,GIC,measured,NERC,noisy,,1.0905215442259428,PJM,East,,50.81446613332891,-18.02630372550431
10082,41.6,-87.7,GIC,measured,NERC,empty plot,,0.8350684775599249,PJM,East,,50.42515119550829,-17.750306198965294
10083,40.8,-88.6,GIC,measured,NERC,missing periods of data,,0.7003540656265397,PJM,East,345.0,49.581915827607496,-18.718847025600933
10084,41.2,-87.9,GIC,measured,NERC,empty plot,,0.7763817105617404,PJM,East,,50.01620959763728,-17.94345975756685
10085,41.2,-87.9,GIC,measured,NERC,empty plot,,0.7763817105617404,PJM,East,,50.01620959763728,-17.94345975756685
10102,42.9,-71.3,GIC,measured,NERC,no data available,,2.880981184607718,ISONE,East,,52.09242727446791,1.6046416113417497
10107,34.5,-118.1,GIC,measured,NERC,,,0.9647671847862697,CAISO,West,500.0,40.655573685820066,-50.7334924378663
10111,43.4,-123.0,GIC,measured,NERC,very noisy,,0.5699654737361433,NorthernGridConnected,West,,48.79344516741499,-58.130206351934724
10112,47.7,-117.4,GIC,measured,NERC,,,0.6947322760129329,NorthernGridConnected,West,,53.755400552243366,-53.26907988620163
10113,45.6,-121.1,GIC,measured,NERC,,,0.6593937188565016,NorthernGridUnconnected,West,500.0,51.20970548000447,-56.706094970053655
10114,46.5,-116.9,GIC,measured,NERC,,,0.7795147586163345,NorthernGridConnected,West,,52.64021560165123,-52.33627905181433
10115,47.6,-114.6,GIC,measured,NERC,,,0.28910620589509867,NorthernGridUnconnected,West,230.0,54.0081695069637,-50.0933171309639
10116,47.9,-121.9,GIC,measured,NERC,one really large peak,,0.9013327943924132,NorthernGridUnconnected,West,500.0,53.356898423713595,-58.32477795223998
10117,45.3,-122.8,GIC,measured,NERC,"not centered on zero, values too low",,0.8455076590755253,NorthernGridConnected,West,,50.685965001576484,-58.47216382276571
10118,45.7,-122.6,GIC,measured,NERC,missing periods of data,,1.0349144259528797,NorthernGridUnconnected,West,115.0,51.10557538617543,-58.37732981147497
10119,47.5,-120.3,GIC,measured,NERC,noisy,,0.3611132137327444,NorthernGridUnconnected,West,115.0,53.180313300370734,-56.42687606733459
10120,47.8,-122.2,GIC,measured,NERC,"not smooth, values too low",,0.8667019498089719,NorthernGridConnected,West,115.0,53.218115868132394,-58.62058496134887
10121,46.9,-119.9,GIC,measured,NERC,noisy,,0.34635923339588626,NorthernGridUnconnected,West,,52.644920286203444,-55.79060136346026
10230,43.6,-92.7,GIC,measured,NERC,not smooth,,1.1145399400687936,MISO,Central,,52.135564442149025,-23.86440255967693
10231,45.0,-92.8,GIC,measured,NERC,high cadence,,0.8432142123234811,MISO,Central,,53.52325797267171,-24.193098436461177
10234,30.8,-88.1,GIC,measured,NERC,"not smooth, values too low",,0.12489505311667115,SERTP,East,,39.62526226460682,-17.287381189795685
10235,33.3,-87.4,GIC,measured,NERC,no values below zero,,0.6705732866081765,SERTP,East,,42.15414697157314,-16.685912476064917
10236,33.7,-86.6,GIC,measured,NERC,high cadence,,1.3276050516602194,SERTP,East,115.0,42.589344651338735,-15.813263479157959
10240,40.8,-73.6,GIC,measured,NERC,not centered on zero,,2.2671631544570605,NYISO,East,,49.99394340037171,-1.1236476470795047
10257,47.4,-101.2,GIC,measured,NERC,not centered on zero,,0.24746824742487,SPP,Central,,55.250027552869504,-34.58428103621006
10258,47.4,-101.2,GIC,measured,NERC,mostly low values,,0.24746824742487,SPP,Central,,55.250027552869504,-34.58428103621006
10259,47.4,-101.2,GIC,measured,NERC,"not centered on zero, values too low",,0.24746824742487,SPP,Central,,55.250027552869504,-34.58428103621006
10260,47.4,-101.2,GIC,measured,NERC,not centered on zero,,0.24746824742487,SPP,Central,,55.250027552869504,-34.58428103621006
10261,45.1,-93.8,GIC,measured,NERC,not centered on zero,,0.9661853461548524,MISO,Central,115.0,53.55579671709733,-25.39254525981313
10262,45.1,-93.8,GIC,measured,NERC,a few peaks,,0.9661853461548524,MISO,Central,115.0,53.55579671709733,-25.39254525981313
10263,45.1,-93.8,GIC,measured,NERC,not centered on zero,,0.9661853461548524,MISO,Central,115.0,53.55579671709733,-25.39254525981313
10264,45.1,-93.8,GIC,measured,NERC,not centered on zero,,0.9661853461548524,MISO,Central,115.0,53.55579671709733,-25.39254525981313
10291,43.4,-72.7,GIC,measured,NERC,not smooth,,1.336512172970902,ISONE,East,46.0,52.59543370426122,-0.06486199736692
10292,44.1,-72.5,GIC,measured,NERC,"no values below zero, only peaks",,1.4669498915554624,ISONE,East,,53.29540300407431,0.175147341981907
10293,43.0,-72.7,GIC,measured,NERC,"not smooth, missing periods of data",,1.855730884607322,ISONE,East,,52.19543371654783,-0.06469952167071087
10294,44.1,-73.2,GIC,measured,NERC,missing periods of data,,1.2176979111964337,ISONE,East,,53.29492394304816,-0.6659026852021944
10295,42.8,-72.5,GIC,measured,NERC,"not centered on zero, cutoff around zero",,2.0310841315751156,ISONE,East,345.0,51.99540329601302,0.17371124830511078
10296,43.6,-73.1,GIC,measured,NERC,missing periods of data,,1.0984825737037112,ISONE,East,115.0,52.79509402049987,-0.5440010567963971
10333,44.4,-96.5,GIC,measured,NERC,"noisy, not centered on zero",,1.4244053758465474,SPP,Central,,52.664083444883474,-28.45164783310713
10334,44.4,-96.5,GIC,measured,NERC,not smooth,,1.4244053758465474,SPP,Central,,52.664083444883474,-28.45164783310713
10335,45.1,-93.5,GIC,measured,NERC,empty plot,,0.8098156397016619,MISO,Central,,53.57622031676863,-25.03764426922218
10346,47.9,-97.1,GIC,measured,NERC,missing periods of data,,1.973718919571009,MISO,Central,69.0,56.095214716493366,-29.837254381886662
10359,33.7,-111.9,GIC,measured,NERC,low values,,0.7318294816873394,WestConnect,West,,40.59154742039108,-43.88771343199311
10360,40.2,-75.3,GIC,measured,NERC,not smooth,,2.691713307197934,PJM,East,230.0,49.38391243108045,-3.114593689367434
10361,40.2,-75.3,GIC,measured,NERC,missing periods of data,,2.691713307197934,PJM,East,230.0,49.38391243108045,-3.114593689367434
10362,39.8,-76.3,GIC,measured,NERC,missing periods of data,,2.44308449385514,PJM,East,230.0,48.97364551928939,-4.278125730454462
10363,40.2,-75.6,GIC,measured,NERC,not smooth,,2.343391466974178,PJM,East,,49.38116064704982,-3.4665451625973076
10364,40.2,-75.6,GIC,measured,NERC,not smooth,,2.343391466974178,PJM,East,,49.38116064704982,-3.4665451625973076
10399,39.1,-78.3,GIC,measured,NERC,high cadence,,2.0731811017327963,PJM,East,,48.24350108891128,-6.592684159984456
10400,39.1,-78.3,GIC,measured,NERC,high cadence,,2.0731811017327963,PJM,East,,48.24350108891128,-6.592684159984456
10401,39.1,-78.3,GIC,measured,NERC,high cadence,,2.0731811017327963,PJM,East,,48.24350108891128,-6.592684159984456
10402,39.5,-78.9,GIC,measured,NERC,,,1.100117757927958,PJM,East,138.0,48.63177453614444,-7.307383612758659
10403,39.5,-78.9,GIC,measured,NERC,noisy,,1.100117757927958,PJM,East,138.0,48.63177453614444,-7.307383612758659
10404,39.5,-77.9,GIC,measured,NERC,high cadence,,2.975750740745741,PJM,East,500.0,48.65048419915364,-6.139961485922034
10405,39.5,-77.9,GIC,measured,NERC,high cadence,,2.975750740745741,PJM,East,500.0,48.65048419915364,-6.139961485922034
10406,39.5,-77.9,GIC,measured,NERC,high cadence,,2.975750740745741,PJM,East,500.0,48.65048419915364,-6.139961485922034
10407,39.5,-77.9,GIC,measured,NERC,high cadence,,2.975750740745741,PJM,East,500.0,48.65048419915364,-6.139961485922034
10409,39.3,-77.5,GIC,measured,NERC,high cadence,,3.214361482606811,PJM,East,,48.45710364691989,-5.666672427798418
10410,39.3,-77.5,GIC,measured,NERC,empty plot,,3.214361482606811,PJM,East,,48.45710364691989,-5.666672427798418
10411,39.3,-77.5,GIC,measured,NERC,high cadence,,3.214361482606811,PJM,East,,48.45710364691989,-5.666672427798418
10412,39.3,-77.5,GIC,measured,NERC,high cadence,,3.214361482606811,PJM,East,,48.45710364691989,-5.666672427798418
10413,39.3,-77.5,GIC,measured,NERC,empty plot,,3.214361482606811,PJM,East,,48.45710364691989,-5.666672427798418
10414,39.4,-77.4,GIC,measured,NERC,"low values, not smooth",,3.647067586236612,PJM,East,230.0,48.55864537627482,-5.55302580088667
10415,44.1,-103.2,GIC,measured,NERC,"not smooth, missing periods of data",,0.3562053270327211,WestConnectNonEnrolled,West,,51.79414294460959,-36.1746506059622
10416,44.1,-103.2,GIC,measured,NERC,"not smooth, missing periods of data",,0.3562053270327211,WestConnectNonEnrolled,West,,51.79414294460959,-36.1746506059622
10418,39.4,-115.2,GIC,measured,NERC,high cadence,,0.46122943568785396,NorthernGridConnected,West,,45.85151618201044,-48.61526110336305
10420,39.5,-75.5,GIC,measured,NERC,no values below zero,,2.175188946991257,PJM,East,,48.68216213590673,-3.336271861955026
10421,39.5,-75.5,GIC,measured,NERC,no values below zero,,2.175188946991257,PJM,East,,48.68216213590673,-3.336271861955026
10425,36.8,-78.7,GIC,measured,NERC,"no values below zero, noisy",,2.1019543813075523,PJM,East,,45.93660933326294,-6.974963998262152
10426,38.1,-78.8,GIC,measured,NERC,high cadence,,2.24051517483117,PJM,East,,47.2342488235572,-7.137223021257084
10427,39.0,-77.5,GIC,measured,NERC,"high cadence, a bit noisy",,2.793857275758007,PJM,East,,48.157165654009894,-5.657502521949268
10428,36.7,-76.5,GIC,measured,NERC,,,1.305214367144753,PJM,East,,45.87158736398858,-4.439358285256384
10429,36.7,-76.3,GIC,measured,NERC,no values below zero,,0.7578720845612434,PJM,East,,45.87399719167565,-4.209072916850602
10438,43.2,-75.2,GIC,measured,NERC,,,0.5913986068916508,NYISO,East,,52.384572965348205,-3.051017542639706
10441,34.2,-81.6,GIC,measured,NERC,not centered at zero,,1.7050957343971544,SCRTP,East,230.0,43.26856126115666,-10.182985384309248
10442,33.8,-78.9,GIC,measured,NERC,not centered at zero,,0.9210879549517226,SCRTP,East,,42.9335569635392,-7.1026440989799475
10445,41.1,-74.2,GIC,measured,NERC,no data available,,2.4943337505101617,NYISO,East,,50.29146531909845,-1.8333021763432695
10446,37.0,-121.0,GIC,measured,NERC,not smooth,,0.698922467190616,CAISO,West,500.0,42.75698394302595,-54.370975670648136
10447,37.0,-121.0,GIC,measured,NERC,not smooth,,0.698922467190616,CAISO,West,500.0,42.75698394302595,-54.370975670648136
10448,37.0,-120.0,GIC,measured,NERC,not smooth,,0.5721220770222946,CAISO,West,,42.88599226828318,-53.29643446375416
10449,37.0,-120.0,GIC,measured,NERC,not smooth,,0.5721220770222946,CAISO,West,,42.88599226828318,-53.29643446375416
10584,40.0,-104.0,GIC,measured,NERC,not centered at zero,,0.35942169770074617,WestConnectNonEnrolled,West,345.0,47.65193449153755,-36.27832302081793
10585,33.1,-80.1,GIC,measured,NERC,"not smooth, not centered at zero",,0.9033677981808719,SCRTP,East,,42.207864918829735,-8.437155593778273
10588,36.9,-81.7,GIC,measured,NERC,high cadence,,1.344938411660415,PJM,East,,45.96403385259888,-10.430597581411668
10589,36.9,-81.7,GIC,measured,NERC,high cadence,,1.344938411660415,PJM,East,,45.96403385259888,-10.430597581411668
10593,37.0,-84.5,GIC,measured,NERC,"not centered at zero, missing periods of data",,0.4758607201486001,PJM,East,,45.97060659438637,-13.65322117691785
10628,48.0,-66.4,GIC,measured,NERC,no values below zero,,1.3344079242092903,,,,57.12837740417518,7.707983455608711
10635,43.7,-87.7,GIC,measured,NERC,one weird peak,,1.3986159376354528,MISO,Central,,52.52048076994099,-17.97510383495707
10636,43.7,-87.7,GIC,measured,NERC,one weird peak,,1.3986159376354528,MISO,Central,,52.52048076994099,-17.97510383495707
10637,40.1,-104.8,GIC,measured,NERC,"not smooth, values too low",,1.2382724793697353,WestConnect,West,230.0,47.67468162004456,-37.19902798709753
10648,32.8,-115.5,GIC,measured,NERC,no data available,,1.0896628213431034,WestConnect,West,161.0,39.28796821680139,-47.61696263609958
10649,42.8,-74.0,GIC,measured,NERC,"noisy, not centered on zero",,1.7507451747730551,NYISO,East,,51.99239121317475,-1.613722107138422
10658,43.1,-78.7,GIC,measured,NERC,values too high,,0.7601303754311045,NYISO,East,,52.23451229433811,-7.223765158481838
10659,42.5,-87.9,GIC,measured,NERC,,,1.4085185528992998,MISO,Central,345.0,51.31334588685492,-18.079532705806013
10674,41.7,-72.6,GIC,measured,NERC,no data available,,3.2596497933952056,ISONE,East,,50.8954351504678,0.0541843814212117
10675,47.9,-65.9,GIC,measured,NERC,noisy,,1.358741267118803,,,,57.01729488409055,8.317615296982323
10676,46.1,-66.8,GIC,measured,NERC,a few peaks,,1.7878719113419785,,,,55.237491609313146,7.115099530262101
10677,45.2,-66.2,GIC,measured,NERC,noisy,,2.3574003177808254,,,,54.32544575818663,7.795789863854576
10678,31.5,-87.9,GIC,measured,NERC,"values all below zero, not centered",,0.18382950009395854,SERTP,East,115.0,40.333645786973435,-17.11479551206078
10694,32.0,-106.2,GIC,measured,NERC,"values too low, not centered on zero, not smooth",,0.36553624670588364,WestConnect,West,,39.49767240002678,-37.405268946185906
10702,41.7,-85.9,GIC,measured,NERC,not centered at zero,,0.6046347552238722,PJM,East,,50.607615445304866,-15.648690221189256
10646,41.0,-81.6,GIC,measured,NERC,noisy,,0.6117421374360327,PJM,East,,50.06407031681192,-10.54398227762176
10647,40.2,-74.5,GIC,measured,NERC,high cadence,,2.9734133513883285,PJM,East,,49.389812595337816,-2.1759473919690975
10660,36.2,-88.6,GIC,measured,NERC,duplicate of TVA Gleason,,0.9314245148534188,SERTP,East,,44.991593676530044,-18.278656716731895
10661,36.0,-87.9,GIC,measured,NERC,noisy,,1.0497657761486834,SERTP,East,,44.826290585803825,-17.464386506917783
10691,37.2,-86.9,GIC,measured,NERC,"not smooth, very noisy",,0.6880772749551748,SERTP,East,161.0,46.07084032611087,-16.421163370421503
10692,37.2,-86.9,GIC,measured,NERC,missing some periods of data,,0.6880772749551748,SERTP,East,161.0,46.07084032611087,-16.421163370421503
10693,36.0,-84.1,GIC,measured,NERC,,,0.5592615251552008,SERTP,East,161.0,44.98647085433417,-13.12945655397281
10696,40.4,-85.9,GIC,measured,NERC,not centered at zero,,0.6860433507730741,MISO,Central,,49.30972578842386,-15.53358497855991
10697,36.8,-80.8,GIC,measured,NERC,high cadence,,1.5739338390000077,PJM,East,,45.88884637342792,-9.390889559917202
10698,26.1,-98.1,GIC,measured,NERC,"not smooth, not centered at zero",,,ERCOT,ERCOT,,34.32332165142935,-27.861895662868662
10699,37.6,-81.6,GIC,measured,NERC,not centered at zero,,0.8329471584712761,PJM,East,46.0,46.6664571425016,-10.352125122595558
10700,37.6,-81.6,GIC,measured,NERC,not smooth,,0.8329471584712761,PJM,East,46.0,46.6664571425016,-10.352125122595558
10086,27.7,-82.0,GIC,measured,NERC,no data available,,0.36515534337448374,FRCC,East,,36.7607623052208,-10.348270835060994
10087,27.9,-82.4,GIC,measured,NERC,no data available,,0.505614521871141,FRCC,East,69.0,36.948923275975844,-10.79851709971641
10088,27.9,-82.4,GIC,measured,NERC,no data available,,0.505614521871141,FRCC,East,69.0,36.948923275975844,-10.79851709971641
10089,27.8,-82.4,GIC,measured,NERC,no data available,,0.48501232953634094,FRCC,East,230.0,36.84898060224713,-10.794283546587867
10090,27.8,-82.1,GIC,measured,NERC,no data available,,0.3727310104831341,FRCC,East,,36.857822846303385,-10.462821345722098
10091,27.7,-82.3,GIC,measured,NERC,no data available,,0.42322835965435546,FRCC,East,,36.75201432728171,-10.679621730088611
10180,41.7,-73.8,GIC,measured,NERC,not smooth,,3.145835293715519,NYISO,East,,50.89323948401599,-1.3662930559388418
10181,41.9,-74.0,GIC,measured,NERC,,,2.89686190112345,NYISO,East,,51.09240780910977,-1.6049335903297224
10182,26.6,-98.5,GIC,measured,NERC,,,0.07711529345426348,ERCOT,ERCOT,,34.79144262169606,-28.346594203144953
10184,39.0,-78.2,GIC,measured,NERC,,,2.0985156906484956,PJM,East,500.0,48.145346570029155,-6.472703866746861
10185,39.3,-81.3,GIC,measured,NERC,,,0.458449579058219,PJM,East,,48.373850972553626,-10.095633382706183
10186,42.0,-80.0,GIC,measured,NERC,,,0.5616616324596242,PJM,East,,51.10620547414608,-8.713989993608994
10187,41.0,-81.6,GIC,measured,NERC,,,0.6117421374360327,PJM,East,,50.06407031681192,-10.54398227762176
10191,41.3,-90.5,GIC,measured,NERC,noisy,,1.4474025826441173,MISO,Central,,49.97751235607145,-20.987841644598852
10193,41.6,-71.4,GIC,measured,NERC,low cadence,,1.895916683083308,ISONE,East,,50.79287834358131,1.473783418388455
10194,42.6,-73.9,GIC,measured,NERC,low cadence,,2.1945295536401264,NYISO,East,115.0,51.79282783603963,-1.4927295120248778
10195,39.7,-74.9,GIC,measured,NERC,,,2.354882212141629,PJM,East,,48.88714710561965,-2.6379460426467483
10196,33.3,-111.9,GIC,measured,NERC,"noisy, low values",,0.59432779565099,WestConnectNonEnrolled,West,,40.195088547909776,-43.81798331962546
10197,36.4,-82.2,GIC,measured,NERC,duplicate of TVA Sullivan,,1.4198283724986611,SERTP,East,,45.449534970297165,-10.978157018561866
10199,35.0,-84.9,GIC,measured,NERC,noisy,,1.1069538243316335,SERTP,East,,43.95756931675118,-13.976735156946363
10200,34.1,-86.7,GIC,measured,NERC,duplicate of TVA East Point,,1.2489859812121804,SERTP,East,,42.98441526538416,-15.954925849933204
10201,36.5,-87.2,GIC,measured,NERC,duplicate of TVA Montgomery,,1.049994166488022,SERTP,East,500.0,45.35830822996601,-16.707343503261434
10202,34.9,-90.0,GIC,measured,NERC,noisy,,0.6097493392599633,MISO,Central,,43.621364226643344,-19.750898663389968
10203,35.0,-85.3,GIC,measured,NERC,duplicate of TVA Raccoon Mountain,,0.9965265442323361,SERTP,East,,43.94188467931865,-14.431330390248625
10204,35.3,-89.8,GIC,measured,NERC,duplicate of TVA Shelby,,0.6301141833833783,SERTP,East,,44.031250587674315,-19.56100656202307
10205,36.2,-88.8,GIC,measured,NERC,"noisy, missing periods of data",,0.8956529666713062,SERTP,East,,44.98150932834537,-18.50640015827424
10207,36.0,-84.1,GIC,measured,NERC,duplicate of TVA Bull Run,,0.5592615251552008,SERTP,East,161.0,44.98647085433417,-13.12945655397281
10208,35.8,-86.5,GIC,measured,NERC,duplicate of TVA Rutherford,,0.7257450701500456,SERTP,East,,44.69074512219268,-15.853918042153868
10209,34.8,-85.7,GIC,measured,NERC,"one big peak, otherwise fine",,0.8374007929076037,SERTP,East,,43.725959441544774,-14.871900848123328
10211,34.3,-88.8,GIC,measured,NERC,low cadence,,0.6415197941404186,SERTP,East,,43.08514736660958,-18.34290573379954
10212,36.0,-86.6,GIC,measured,NERC,duplicate of TVA Pinhook,,0.7824508982511382,SERTP,East,161.0,44.886069244353706,-15.983135043644788
10219,36.1,-81.0,GIC,measured,NERC,"noisy, low values",,2.7564328346317017,SERTP,East,,45.183952790949625,-9.587707323807535
10220,39.4,-87.4,GIC,measured,NERC,,,0.4903456338448295,MISO,Central,,48.24392540823319,-17.18780955304964
10248,32.8,-80.6,GIC,measured,NERC,"not smooth, low values",,0.9010947785231341,SCRTP,East,,41.895884833715044,-8.99031714428418
10249,33.3,-81.0,GIC,measured,NERC,,,1.238758315244013,SCRTP,East,,42.38540226884744,-9.462882322465019
10250,34.1,-80.9,GIC,measured,NERC,,,1.9961869176524898,SCRTP,East,,43.18762296589227,-9.383858862125118
10251,35.9,-82.3,GIC,measured,NERC,"noisy, low values",,1.72529499839907,SERTP,East,,44.946837800429506,-11.06581878467915
10252,36.4,-79.0,GIC,measured,NERC,"not smooth, low values",,2.6171669225579013,SERTP,East,,45.53077267742318,-7.30573348633968
10287,41.9,-91.7,GIC,measured,NERC,missing periods of data,,1.5868828748541342,MISO,Central,,50.5046562829219,-22.460757861152082
10290,39.5,-97.5,GIC,measured,NERC,low cadence,,0.5704253439037746,SPP,Central,230.0,47.71360200724018,-28.81755951635199
10325,29.8,-95.2,GIC,measured,NERC,"noisy, low values",,0.06687295847063161,ERCOT,ERCOT,,38.21780118515911,-25.06453580999009
10367,42.4,-71.8,GIC,measured,NERC,not centered on zero,,2.3406874307614425,ISONE,East,,51.59425280953889,1.0053906687657268
10368,42.4,-71.8,GIC,measured,NERC,not centered on zero,,2.3406874307614425,ISONE,East,,51.59425280953889,1.0053906687657268
10369,42.4,-71.8,GIC,measured,NERC,not centered on zero,,2.3406874307614425,ISONE,East,,51.59425280953889,1.0053906687657268
10372,42.4,-71.8,GIC,measured,NERC,not centered on zero,,2.3406874307614425,ISONE,East,,51.59425280953889,1.0053906687657268
10373,42.6,-73.9,GIC,measured,NERC,not centered on zero,,2.1945295536401264,NYISO,East,115.0,51.79282783603963,-1.4927295120248778
10374,42.6,-71.5,GIC,measured,NERC,no data available,,2.6652790154959165,ISONE,East,,51.79325979866986,1.3636583537511584
10376,40.9,-73.9,GIC,measured,NERC,very noisy,,2.403237240915885,NYISO,East,345.0,50.09285404150459,-1.477745919044888
10377,40.7,-74.0,GIC,measured,NERC,very noisy,,2.5535429490860757,NYISO,East,,49.892428958838984,-1.5937335690104988
10378,40.7,-74.0,GIC,measured,NERC,not centered on zero,,2.5535429490860757,NYISO,East,,49.892428958838984,-1.5937335690104988
10379,40.7,-74.0,GIC,measured,NERC,not centered on zero,,2.5535429490860757,NYISO,East,,49.892428958838984,-1.5937335690104988
10380,41.1,-73.8,GIC,measured,NERC,very noisy,,2.2529315327456834,NYISO,East,,50.29324719816605,-1.3615002223120427
10381,40.7,-74.0,GIC,measured,NERC,not centered on zero,,2.5535429490860757,NYISO,East,,49.892428958838984,-1.5937335690104988
10382,40.6,-74.2,GIC,measured,NERC,not centered on zero,,2.719221634832854,PJM,East,,49.79147670634924,-1.8280477944160924
10383,40.6,-74.2,GIC,measured,NERC,low cadence,,2.719221634832854,PJM,East,,49.79147670634924,-1.8280477944160924
10385,41.2,-73.8,GIC,measured,NERC,very noisy,,2.3933698036478432,NYISO,East,,50.393245926059585,-1.3622905874188678
10386,40.8,-73.9,GIC,measured,NERC,very noisy,,2.448214817780424,NYISO,East,,49.992855524769574,-1.476897827040105
10387,41.0,-73.9,GIC,measured,NERC,very noisy,,2.358259664051346,NYISO,East,,50.192852552035966,-1.478597558103698
10388,41.0,-73.9,GIC,measured,NERC,very noisy,,2.358259664051346,NYISO,East,,50.192852552035966,-1.478597558103698
10430,39.6,-75.6,GIC,measured,NERC,"low cadence, missing periods of data",,2.2656142528262535,PJM,East,,48.78120808384881,-3.4550261400251183
10431,39.6,-75.7,GIC,measured,NERC,"not centered on zero, missing periods of data",,2.3091290131355544,PJM,East,138.0,48.780228757741796,-3.5719484643377384
10432,38.5,-76.6,GIC,measured,NERC,low cadence,,0.9920645909046397,PJM,East,,47.67010134641548,-4.59679414438764
10433,38.5,-76.6,GIC,measured,NERC,not centered on zero,,0.9920645909046397,PJM,East,,47.67010134641548,-4.59679414438764
10434,39.5,-75.1,GIC,measured,NERC,low cadence,,2.1973806720954783,PJM,East,,48.685621729321866,-2.8688003901721295
10435,39.4,-74.6,GIC,measured,NERC,not centered on zero,,1.5563786944062044,PJM,East,,48.589217089393735,-2.283160509877474
10436,39.4,-74.6,GIC,measured,NERC,"not smooth, low values",,1.5563786944062044,PJM,East,,48.589217089393735,-2.283160509877474
10450,41.0,-85.0,GIC,measured,NERC,low values,,0.732541440595982,PJM,East,,49.9461330270846,-14.53241770520211
10453,38.5,-81.8,GIC,measured,NERC,not centered on zero,,0.4794559077539824,PJM,East,,47.560022426695035,-10.632265928300436
10454,36.6,-79.7,GIC,measured,NERC,not centered on zero,,1.9686181942317031,PJM,East,,45.71569121681519,-8.117654532478454
10455,40.1,-82.7,GIC,measured,NERC,not centered on zero,,0.789302714347613,PJM,East,,49.130791857747575,-11.775962397642001
10456,38.2,-82.6,GIC,measured,NERC,not centered on zero,,0.5445291676771482,PJM,East,,47.23566940989195,-11.541042769734815
10458,42.2,-86.3,GIC,measured,NERC,not centered on zero,,0.5461142418775051,PJM,East,,51.089228427208184,-16.165694047556574
10460,28.9,-96.2,GIC,measured,NERC,low values,,0.06268588541894278,ERCOT,ERCOT,138.0,37.25165272206981,-26.073197574433436
10461,32.2,-100.0,GIC,measured,NERC,not centered on zero,,0.41248016340367993,ERCOT,ERCOT,,40.250585973428606,-30.62652033593672
10462,32.2,-100.0,GIC,measured,NERC,not centered on zero,,0.41248016340367993,ERCOT,ERCOT,,40.250585973428606,-30.62652033593672
10463,35.4,-99.7,GIC,measured,NERC,not centered on zero,,0.3709370469559069,SPP,Central,345.0,43.45959769336458,-30.71514998315025
10464,35.4,-99.7,GIC,measured,NERC,low values,,0.3709370469559069,SPP,Central,345.0,43.45959769336458,-30.71514998315025
10467,37.4,-79.9,GIC,measured,NERC,low cadence,,1.5019975681211808,PJM,East,500.0,46.510775759986,-8.38110344762929
10468,37.4,-79.9,GIC,measured,NERC,not centered on zero,,1.5019975681211808,PJM,East,500.0,46.510775759986,-8.38110344762929
10469,37.4,-79.9,GIC,measured,NERC,not centered on zero,,1.5019975681211808,PJM,East,500.0,46.510775759986,-8.38110344762929
10470,37.4,-79.9,GIC,measured,NERC,low values,,1.5019975681211808,PJM,East,500.0,46.510775759986,-8.38110344762929
10471,37.4,-79.9,GIC,measured,NERC,"noisy, not centered on zero",,1.5019975681211808,PJM,East,500.0,46.510775759986,-8.38110344762929
10473,28.7,-97.2,GIC,measured,NERC,not centered on zero,,0.09156659253444709,ERCOT,ERCOT,138.0,36.980742117475565,-27.147979091232404
10474,28.7,-97.2,GIC,measured,NERC,low values,,0.09156659253444709,ERCOT,ERCOT,138.0,36.980742117475565,-27.147979091232404
10475,40.2,-81.9,GIC,measured,NERC,one big spike,,0.6044645604758745,PJM,East,,49.25578335138906,-10.847323456279176
10476,40.1,-82.8,GIC,measured,NERC,not centered on zero,,0.8056019555572088,PJM,East,,49.12751457862148,-11.892751864869332
10477,31.4,-95.4,GIC,measured,NERC,not centered on zero,,0.15003012499331286,ERCOT,ERCOT,,39.79913629960367,-25.44851788815737
10478,42.0,-86.6,GIC,measured,NERC,not centered on zero,,0.6317656392031411,PJM,East,,50.876114053939204,-16.499375962831373
10480,42.0,-86.6,GIC,measured,NERC,not centered on zero,,0.6317656392031411,PJM,East,,50.876114053939204,-16.499375962831373
10481,40.2,-85.3,GIC,measured,NERC,not centered on zero,,0.725399273789205,PJM,East,,49.135125977279834,-14.817208130835883
10482,40.2,-85.3,GIC,measured,NERC,low values,,0.725399273789205,PJM,East,,49.135125977279834,-14.817208130835883
10483,39.0,-83.0,GIC,measured,NERC,low cadence,,0.8505385171694224,PJM,East,,48.021901355238725,-12.054129707728968
10484,39.0,-83.0,GIC,measured,NERC,not centered on zero,,0.8505385171694224,PJM,East,,48.021901355238725,-12.054129707728968
10485,39.0,-83.0,GIC,measured,NERC,not centered on zero,,0.8505385171694224,PJM,East,,48.021901355238725,-12.054129707728968
10487,41.5,-86.4,GIC,measured,NERC,not centered on zero,,0.638281251821335,MISO,Central,,50.38602606068276,-16.217015351409717
10489,36.6,-79.3,GIC,measured,NERC,low cadence,,2.1642369169569338,PJM,East,,45.724463274936774,-7.657866919395995
10490,41.7,-85.9,GIC,measured,NERC,not centered on zero,,0.6046347552238722,PJM,East,,50.607615445304866,-15.648690221189256
10492,40.8,-84.0,GIC,measured,NERC,not centered on zero,,0.7665596415364551,PJM,East,,49.78488624236037,-13.345509281237
10493,36.7,-79.9,GIC,measured,NERC,"not smooth, low values",,1.838743370592181,PJM,East,,45.81107289705639,-8.351659012060898
10494,36.7,-79.9,GIC,measured,NERC,"not smooth, low values",,1.838743370592181,PJM,East,,45.81107289705639,-8.351659012060898
10495,36.7,-79.9,GIC,measured,NERC,not centered on zero,,1.838743370592181,PJM,East,,45.81107289705639,-8.351659012060898
10496,36.3,-94.5,GIC,measured,NERC,not centered on zero,,1.3046803267356712,SPP,Central,,44.74389566982623,-24.985306633387346
10497,40.5,-84.1,GIC,measured,NERC,not centered on zero,,0.8526834604335003,PJM,East,,49.48154205134426,-13.439914418266513
10498,40.2,-83.1,GIC,measured,NERC,not centered on zero,,0.8540103698566057,PJM,East,138.0,49.21739318885786,-12.249843174270318
10499,40.2,-83.1,GIC,measured,NERC,not centered on zero,,0.8540103698566057,PJM,East,138.0,49.21739318885786,-12.249843174270318
10500,41.6,-86.3,GIC,measured,NERC,not centered on zero,,0.624466135894625,PJM,East,,50.49029769151412,-16.109054712703227
10502,36.9,-80.8,GIC,measured,NERC,not centered on zero,,1.5265457569238223,PJM,East,138.0,45.98879324367886,-9.395576349371254
10503,36.9,-80.8,GIC,measured,NERC,"not smooth, low values",,1.5265457569238223,PJM,East,138.0,45.98879324367886,-9.395576349371254
10504,36.9,-80.8,GIC,measured,NERC,low cadence,,1.5265457569238223,PJM,East,138.0,45.98879324367886,-9.395576349371254
10506,38.7,-85.4,GIC,measured,NERC,low cadence,,0.6278369474216446,PJM,East,345.0,47.633141832743036,-14.813771977337149
10507,40.1,-82.7,GIC,measured,NERC,"not smooth, low values",,0.789302714347613,PJM,East,,49.130791857747575,-11.775962397642001
10509,39.8,-80.8,GIC,measured,NERC,not centered on zero,,0.4269383218552357,PJM,East,138.0,48.887162915600534,-9.539391902395487
10511,41.9,-86.2,GIC,measured,NERC,low values,,0.5966081956720358,PJM,East,138.0,50.79419226532971,-16.01965614370179
10512,40.0,-82.6,GIC,measured,NERC,not centered on zero,,0.7716446476070943,PJM,East,69.0,49.03412623120144,-11.652723477096046
10513,26.1,-97.6,GIC,measured,NERC,"not smooth, not centered on zero",,,ERCOT,ERCOT,,34.360328275209774,-27.319938938894595
10515,26.1,-97.6,GIC,measured,NERC,"not smooth, not centered on zero",,,ERCOT,ERCOT,,34.360328275209774,-27.319938938894595
10516,39.6,-81.2,GIC,measured,NERC,not centered on zero,,0.4866894207269788,PJM,East,,48.676442900239444,-9.99546884509665
10517,32.0,-93.2,GIC,measured,NERC,not centered on zero,,0.1775494900377329,MISO,Central,230.0,40.54178125581218,-23.066787841858417
10518,27.6,-99.3,GIC,measured,NERC,"not smooth, not centered on zero",,0.16047495674055348,ERCOT,ERCOT,,35.72603450522792,-29.321518509911193
10519,27.8,-97.6,GIC,measured,NERC,"not smooth, not centered on zero",,0.07137229868948519,ERCOT,ERCOT,,36.05453004717631,-27.49164935615857
10520,27.8,-97.6,GIC,measured,NERC,"not smooth, not centered on zero",,0.07137229868948519,ERCOT,ERCOT,,36.05453004717631,-27.49164935615857
10521,31.3,-103.1,GIC,measured,NERC,"not smooth, not centered on zero",,0.5321830949419017,ERCOT,ERCOT,,39.09064030090791,-33.91679203710607
10524,40.2,-83.0,GIC,measured,NERC,not centered on zero,,0.83771112864701,PJM,East,,49.22076787786982,-12.133020301074643
10525,40.2,-83.0,GIC,measured,NERC,not centered on zero,,0.83771112864701,PJM,East,,49.22076787786982,-12.133020301074643
10527,40.3,-83.4,GIC,measured,NERC,not centered on zero,,0.8314207776245441,PJM,East,,49.30697373089386,-12.607250454667973
10528,37.2,-80.2,GIC,measured,NERC,not centered on zero,,1.2684313918881838,PJM,East,,46.30373769004945,-8.718381591349804
10529,37.2,-80.2,GIC,measured,NERC,not centered on zero,,1.2684313918881838,PJM,East,,46.30373769004945,-8.718381591349804
10530,39.0,-81.9,GIC,measured,NERC,too low,,0.5146240652046337,PJM,East,,48.05669194827998,-10.776638766693612
10531,32.5,-99.8,GIC,measured,NERC,not centered on zero,,0.4425380146204536,ERCOT,ERCOT,138.0,40.56543531571481,-30.443520098250723
10532,32.5,-99.8,GIC,measured,NERC,not centered on zero,,0.4425380146204536,ERCOT,ERCOT,138.0,40.56543531571481,-30.443520098250723
10534,36.6,-82.7,GIC,measured,NERC,not centered on zero,,0.8686256164587953,PJM,East,,45.63376820710148,-11.56268235648596
10537,27.6,-97.7,GIC,measured,NERC,not centered on zero,,0.07063713777951554,ERCOT,ERCOT,,35.847839759866616,-27.580026199010316
10538,26.3,-98.2,GIC,measured,NERC,not centered on zero,,,ERCOT,ERCOT,138.0,34.51514060763624,-27.99050797919396
10539,26.3,-98.2,GIC,measured,NERC,not centered on zero,,,ERCOT,ERCOT,138.0,34.51514060763624,-27.99050797919396
10541,41.7,-86.5,GIC,measured,NERC,not centered on zero,,0.6234138921661652,PJM,East,,50.58118551463484,-16.353162695098035
10542,36.0,-95.7,GIC,measured,NERC,not centered on zero,,0.9354586046984892,SPP,Central,345.0,44.36200578309411,-26.304025886344093
10545,37.4,-79.1,GIC,measured,NERC,"low values, not centered on zero",,1.71663255208625,PJM,East,,46.52838989269613,-7.4578609320438005
10546,37.4,-79.1,GIC,measured,NERC,"low values, not centered on zero",,1.71663255208625,PJM,East,,46.52838989269613,-7.4578609320438005
10547,37.4,-79.1,GIC,measured,NERC,"low values, not centered on zero",,1.71663255208625,PJM,East,,46.52838989269613,-7.4578609320438005
10548,26.2,-98.2,GIC,measured,NERC,not centered on zero,,,ERCOT,ERCOT,138.0,34.41549074661128,-27.98036698391624
10549,26.2,-98.2,GIC,measured,NERC,not centered on zero,,,ERCOT,ERCOT,138.0,34.41549074661128,-27.98036698391624
10550,26.3,-97.6,GIC,measured,NERC,not centered on zero,,0.07250566622867011,ERCOT,ERCOT,,34.55965854572185,-27.339773124925586
10551,26.3,-97.6,GIC,measured,NERC,"not smooth, not centered on zero",,0.07250566622867011,ERCOT,ERCOT,,34.55965854572185,-27.339773124925586
10552,40.0,-83.1,GIC,measured,NERC,not centered on zero,,0.8541780627588123,PJM,East,,49.01758955392238,-12.236305618038086
10554,37.9,-87.0,GIC,measured,NERC,not smooth,,0.5439242717363038,MISO,Central,,46.765150643829045,-16.59413470392751
10557,31.5,-100.3,GIC,measured,NERC,not centered on zero,,0.5541085061651425,ERCOT,ERCOT,,39.52932116063147,-30.869352168953533
10558,30.9,-103.4,GIC,measured,NERC,not centered on zero,,0.48308347025347553,ERCOT,ERCOT,,38.66598501120363,-34.19126392109297
10559,30.9,-103.4,GIC,measured,NERC,not centered on zero,,0.48308347025347553,ERCOT,ERCOT,,38.66598501120363,-34.19126392109297
10560,41.0,-85.3,GIC,measured,NERC,low cadence,,0.7176193661309468,PJM,East,,49.933961159922454,-14.883706522422846
10561,41.0,-83.3,GIC,measured,NERC,not centered on zero,,0.760887461840249,PJM,East,,50.00971626397575,-12.539753762109859
10563,40.7,-81.4,GIC,measured,NERC,"not smooth, low values",,0.5531077842915348,PJM,East,345.0,49.77006845048716,-10.29140240122465
10564,40.7,-84.2,GIC,measured,NERC,low cadence,,0.7994264663558704,PJM,East,,49.677568158936715,-13.572035642652903
10565,26.1,-98.2,GIC,measured,NERC,"not smooth, low values",,,ERCOT,ERCOT,138.0,34.31584005069231,-27.970250127176463
10567,39.2,-87.5,GIC,measured,NERC,not centered on zero,,0.4723830744533478,MISO,Central,,48.039564974705144,-17.285219648949326
10568,39.2,-87.5,GIC,measured,NERC,not centered on zero,,0.4723830744533478,MISO,Central,,48.039564974705144,-17.285219648949326
10569,39.2,-87.5,GIC,measured,NERC,low cadence,,0.4723830744533478,MISO,Central,,48.039564974705144,-17.285219648949326
10570,40.2,-80.7,GIC,measured,NERC,1-min cadence,,0.44896385131036187,PJM,East,138.0,49.28956133444221,-9.443499540631134
10572,38.4,-82.5,GIC,measured,NERC,"not smooth, not centered on zero",,0.614144348980766,PJM,East,,47.4386878321215,-11.437305058046686
10573,38.4,-82.5,GIC,measured,NERC,"not smooth, not centered on zero",,0.614144348980766,PJM,East,,47.4386878321215,-11.437305058046686
10574,38.4,-82.5,GIC,measured,NERC,"not smooth, not centered on zero",,0.614144348980766,PJM,East,,47.4386878321215,-11.437305058046686
10575,41.7,-86.1,GIC,measured,NERC,"not smooth, low values",,0.6083122404911356,PJM,East,138.0,50.59893141154179,-15.88356992533179
10576,41.7,-86.1,GIC,measured,NERC,not centered on zero,,0.6083122404911356,PJM,East,138.0,50.59893141154179,-15.88356992533179
10577,41.4,-84.9,GIC,measured,NERC,"low cadence, not centered on zero",,0.7188458081390685,PJM,East,138.0,50.34956633376259,-14.448339608617697
10578,40.2,-82.8,GIC,measured,NERC,not centered on zero,,0.8051126462278162,PJM,East,,49.22742167008179,-11.899344386856102
10581,32.8,-94.5,GIC,measured,NERC,not centered on zero,,0.18551972240492356,SPP,Central,345.0,41.255505219009116,-24.595625550361337
50100,30.4,-89.6,B,measured,NERC,,,0.09955043502535955,SERTP,East,,39.15143356208671,-18.925312384505744
50100,30.4,-89.6,B,calculated,SWMF,,,0.09955043502535955,SERTP,East,,39.15143356208671,-18.925312384505744
50100,30.4,-89.6,B,calculated,MAGE,,,0.09955043502535955,SERTP,East,,39.15143356208671,-18.925312384505744
50127,37.1,-119.7,B,measured,NERC,,,0.6691525698113988,CAISO,West,115.0,43.023061031274324,-52.99540923189566
50127,37.1,-119.7,B,calculated,SWMF,,,0.6691525698113988,CAISO,West,115.0,43.023061031274324,-52.99540923189566
50127,37.1,-119.7,B,calculated,MAGE,,,0.6691525698113988,CAISO,West,115.0,43.023061031274324,-52.99540923189566
50112,48.3,-117.1,B,measured,NERC,,,0.41459568853474743,NorthernGridConnected,West,,54.382714502259255,-53.128842299060224
50112,48.3,-117.1,B,calculated,SWMF,,,0.41459568853474743,NorthernGridConnected,West,,54.382714502259255,-53.128842299060224
50112,48.3,-117.1,B,calculated,MAGE,,,0.41459568853474743,NorthernGridConnected,West,,54.382714502259255,-53.128842299060224
50131,37.8,-84.7,B,measured,NERC,,,0.6012161899336259,PJM,East,,46.76206420505063,-13.938824548673793
50131,37.8,-84.7,B,calculated,SWMF,,,0.6012161899336259,PJM,East,,46.76206420505063,-13.938824548673793
50131,37.8,-84.7,B,calculated,MAGE,,,0.6012161899336259,PJM,East,,46.76206420505063,-13.938824548673793
50132,38.0,-84.8,B,measured,NERC,,,0.6526523734307923,PJM,East,138.0,46.95795695555188,-14.068419435200184
50132,38.0,-84.8,B,calculated,SWMF,,,0.6526523734307923,PJM,East,138.0,46.95795695555188,-14.068419435200184
50132,38.0,-84.8,B,calculated,MAGE,,,0.6526523734307923,PJM,East,138.0,46.95795695555188,-14.068419435200184
50103,33.3,-89.2,B,measured,NERC,,,0.33901322106753,SERTP,East,,42.06670525932814,-18.710471567838436
50103,33.3,-89.2,B,calculated,SWMF,,,0.33901322106753,SERTP,East,,42.06670525932814,-18.710471567838436
50103,33.3,-89.2,B,calculated,MAGE,,,0.33901322106753,SERTP,East,,42.06670525932814,-18.710471567838436
50104,36.0,-84.1,B,measured,NERC,,,0.5592615251552008,SERTP,East,161.0,44.98647085433417,-13.12945655397281
50104,36.0,-84.1,B,calculated,SWMF,,,0.5592615251552008,SERTP,East,161.0,44.98647085433417,-13.12945655397281
50104,36.0,-84.1,B,calculated,MAGE,,,0.5592615251552008,SERTP,East,161.0,44.98647085433417,-13.12945655397281
50109,35.6,-84.7,B,measured,NERC,,,0.8873089882136032,SERTP,East,,44.56457521642369,-13.788427740818971
50109,35.6,-84.7,B,calculated,SWMF,,,0.8873089882136032,SERTP,East,,44.56457521642369,-13.788427740818971
50109,35.6,-84.7,B,calculated,MAGE,,,0.8873089882136032,SERTP,East,,44.56457521642369,-13.788427740818971
50115,41.3,-90.5,B,measured,NERC,,,1.4474025826441173,MISO,Central,,49.97751235607145,-20.987841644598852
50115,41.3,-90.5,B,calculated,SWMF,,,1.4474025826441173,MISO,Central,,49.97751235607145,-20.987841644598852
50115,41.3,-90.5,B,calculated,MAGE,,,1.4474025826441173,MISO,Central,,49.97751235607145,-20.987841644598852
50116,37.2,-86.9,B,measured,NERC,,,0.6880772749551748,SERTP,East,161.0,46.07084032611087,-16.421163370421503
50116,37.2,-86.9,B,calculated,SWMF,,,0.6880772749551748,SERTP,East,161.0,46.07084032611087,-16.421163370421503
50116,37.2,-86.9,B,calculated,MAGE,,,0.6880772749551748,SERTP,East,161.0,46.07084032611087,-16.421163370421503
50117,36.1,-81.0,B,measured,NERC,,,2.7564328346317017,SERTP,East,,45.183952790949625,-9.587707323807535
50117,36.1,-81.0,B,calculated,SWMF,,,2.7564328346317017,SERTP,East,,45.183952790949625,-9.587707323807535
50117,36.1,-81.0,B,calculated,MAGE,,,2.7564328346317017,SERTP,East,,45.183952790949625,-9.587707323807535
50118,39.4,-87.4,B,measured,NERC,,,0.4903456338448295,MISO,Central,,48.24392540823319,-17.18780955304964
50118,39.4,-87.4,B,calculated,SWMF,,,0.4903456338448295,MISO,Central,,48.24392540823319,-17.18780955304964
50118,39.4,-87.4,B,calculated,MAGE,,,0.4903456338448295,MISO,Central,,48.24392540823319,-17.18780955304964
50119,35.0,-85.3,B,measured,NERC,,,0.9965265442323361,SERTP,East,,43.94188467931865,-14.431330390248625
50119,35.0,-85.3,B,calculated,SWMF,,,0.9965265442323361,SERTP,East,,43.94188467931865,-14.431330390248625
50119,35.0,-85.3,B,calculated,MAGE,,,0.9965265442323361,SERTP,East,,43.94188467931865,-14.431330390248625
50120,34.3,-88.8,B,measured,NERC,,,0.6415197941404186,SERTP,East,,43.08514736660958,-18.34290573379954
50120,34.3,-88.8,B,calculated,SWMF,,,0.6415197941404186,SERTP,East,,43.08514736660958,-18.34290573379954
50120,34.3,-88.8,B,calculated,MAGE,,,0.6415197941404186,SERTP,East,,43.08514736660958,-18.34290573379954
50122,35.6,-89.3,B,measured,NERC,,,0.7105385487306504,SERTP,East,,44.35701680663544,-19.021225333262148
50122,35.6,-89.3,B,calculated,SWMF,,,0.7105385487306504,SERTP,East,,44.35701680663544,-19.021225333262148
50122,35.6,-89.3,B,calculated,MAGE,,,0.7105385487306504,SERTP,East,,44.35701680663544,-19.021225333262148
Ackerman,33.3749,-89.2104,B,measured,TVA,,,0.35089899218663945,SERTP,East,161.0,42.14093062342446,-18.72835759549237
Allen,35.0675,-90.1602,B,measured,TVA,"x In TVAmagmetadata.dat, but no file",,0.6194250535069582,MISO,Central,,43.77980403695284,-19.947395027562326
Anderson,0.0,0.0,GIC,measured,TVA,"GIC file exists, but no lat/long in GIC_monitors.txt",,,,,,2.7320762058764245,72.85563972279859
Bradley,35.0425,-84.9587,GIC,measured,TVA,,,1.0815509992037882,SERTP,East,500.0,43.99775070546535,-14.046253271446488
Bull Run,36.0193,-84.1575,GIC,calculated,TVA,,,0.5554131998087664,SERTP,East,500.0,45.00365886834757,-13.196391080826285
Bull Run,36.0193,-84.1575,GIC,measured,TVA,,,0.5554131998087664,SERTP,East,500.0,45.00365886834757,-13.196391080826285
Bull Run,36.0252,-84.1468,B,measured,TVA,,,0.5547525505882388,SERTP,East,500.0,45.0099430459919,-13.184539652934143
Bull Run,36.0193,-84.1575,B,calculated,SWMF,,,0.5554131998087664,SERTP,East,500.0,45.00365886834757,-13.196391080826285
Bull Run,36.0193,-84.1575,B,calculated,MAGE,,,0.5554131998087664,SERTP,East,500.0,45.00365886834757,-13.196391080826285
Colbert,34.7385,-87.8374,B,measured,TVA,"x In TVAmagmetadata.dat, but no file",,0.8555080971287431,SERTP,East,,43.569941089731934,-17.290306036224113
East Point,34.1946,-86.7474,GIC,measured,TVA,,,1.1659938399411667,SERTP,East,500.0,43.07679545599108,-16.01539596184641
Gallatin,36.3189,-86.4106,B,measured,TVA,"x In TVAmagmetadata.dat, but no file",,0.73188952101273,SERTP,East,161.0,45.21278618133896,-15.79146489020021
Gleason,36.246,-88.612,GIC,measured,TVA,,,0.9440160013915433,SERTP,East,500.0,45.03690300440436,-18.296368767348135
John Sevier,36.3806,-82.9581,B,measured,TVA,"x In TVAmagmetadata.dat, but no file",,0.7718010720160107,SERTP,East,161.0,45.40617960291622,-11.845966575682986
Johnsonville,36.029,-87.985,GIC,measured,TVA,,,1.039608708631705,SERTP,East,161.0,44.8511515683252,-17.563606522631652
Lagoon Creek,35.6475,-89.3907,B,measured,TVA,,,0.7051250220372007,SERTP,East,500.0,44.39968196327542,-19.128433681525188
Madison,34.7964,-86.5207,GIC,measured,TVA,"x In GIC_monitors.txt, but no file",,0.6029211695736985,SERTP,East,500.0,43.68767517769044,-15.802692008416592
Montgomery,36.5949,-87.2533,GIC,measured,TVA,,,1.0349744841285202,SERTP,East,500.0,45.450598795645895,-16.775975928036516
Montgomery,36.5949,-87.2533,GIC,calculated,TVA,,,1.0349744841285202,SERTP,East,500.0,45.450598795645895,-16.775975928036516
Montgomery,36.5949,-87.2533,B,calculated,SWMF,,,1.0349744841285202,SERTP,East,500.0,45.450598795645895,-16.775975928036516
Montgomery,36.5949,-87.2533,B,calculated,MAGE,,,1.0349744841285202,SERTP,East,500.0,45.450598795645895,-16.775975928036516
Paradise 2,37.2587,-86.9781,GIC,measured,TVA,low vlaues,,0.6772767922631994,SERTP,East,500.0,46.125907175982604,-16.515512597321504
Paradise 3,37.2587,-86.9781,GIC,measured,TVA,,,0.6772767922631994,SERTP,East,500.0,46.125907175982604,-16.515512597321504
Paradise,37.2561,-86.9986,B,measured,TVA,,,0.6847104353831177,SERTP,East,,46.12237951048783,-16.53880122607071
Pinhook,36.0465,-86.6059,GIC,measured,TVA,,,0.7895845317566931,SERTP,East,500.0,44.93224063460438,-15.993435965460716
Raccoon Mountain,35.0571,-85.3872,GIC,measured,TVA,,,0.9440325305561166,SERTP,East,500.0,43.995431690123965,-14.534296615665506
Raccoon Mountain,35.0571,-85.3872,B,measured,TVA,,,0.9440325305561166,SERTP,East,500.0,43.995431690123965,-14.534296615665506
Rutherford,35.8275,-86.5986,GIC,measured,TVA,,,0.7616738866511537,SERTP,East,500.0,44.71388537196104,-15.968337366724308
Shawnee,37.1457,-88.7705,B,measured,TVA,"x In TVAmagmetadata.dat, but no file",,1.0868298132950276,MISO,Central,500.0,45.92680942545914,-18.558117375261354
Shelby,35.3859,-89.8042,GIC,measured,TVA,,,0.6428864352302863,SERTP,East,500.0,44.11674070571266,-19.573609756100314
Southaven,34.9939,-90.0497,GIC,measured,TVA,,,0.6304573135603162,MISO,Central,500.0,43.712371438991404,-19.81565906904213
Sullivan,36.4419,-82.2791,GIC,measured,TVA,,,1.3050919687734381,SERTP,East,500.0,45.48898750984061,-11.071121537002373
Union,34.378,-88.8578,GIC,measured,TVA,,,0.6530342400019656,SERTP,East,500.0,43.160089738113044,-18.414692962618147
Union,34.378,-88.8578,GIC,calculated,TVA,,,0.6530342400019656,SERTP,East,500.0,43.160089738113044,-18.414692962618147
Union,34.375,-88.8567,B,measured,TVA,,,0.65263229354328,SERTP,East,500.0,43.157150880550354,-18.41319917671561
Union,34.378,-88.8578,B,calculated,SWMF,,,0.6530342400019656,SERTP,East,500.0,43.160089738113044,-18.414692962618147
Union,34.378,-88.8578,B,calculated,MAGE,,,0.6530342400019656,SERTP,East,500.0,43.160089738113044,-18.414692962618147
Watts Bar,35.6091,-84.7831,B,measured,TVA,,,0.8951166757313451,SERTP,East,161.0,44.57048940740587,-13.88376128066867
Weakley,36.2752,-88.8347,GIC,measured,TVA,missing periods of data,,0.9126381392221878,SERTP,East,500.0,45.05479791195926,-18.552613412253134
Widows Creek,34.8859,-85.7554,GIC,measured,TVA,,,0.7869561046938021,SERTP,East,500.0,43.80947426819427,-14.94074162020518
Widows Creek,34.8859,-85.7554,GIC,calculated,TVA,,,0.7869561046938021,SERTP,East,500.0,43.80947426819427,-14.94074162020518
Widows Creek,34.8859,-85.7554,B,calculated,SWMF,,,0.7869561046938021,SERTP,East,500.0,43.80947426819427,-14.94074162020518
Widows Creek,34.8859,-85.7554,B,calculated,MAGE,,,0.7869561046938021,SERTP,East,500.0,43.80947426819427,-14.94074162020518
Widows Creek,34.8859,-85.7554,GIC,calculated,GMU,,14133615,0.7869561046938021,SERTP,East,500.0,43.80947426819427,-14.94074162020518
Raccoon Mountain,35.0571,-85.3872,GIC,calculated,GMU,,16489940,0.9440325305561166,SERTP,East,500.0,43.995431690123965,-14.534296615665506
Southaven,34.9939,-90.0497,GIC,calculated,GMU,,90962732,0.6304573135603162,MISO,Central,500.0,43.712371438991404,-19.81565906904213
Shelby,35.3859,-89.8042,GIC,calculated,GMU,,97859576,0.6428864352302863,SERTP,East,500.0,44.11674070571266,-19.573609756100314
Union,34.378,-88.8578,GIC,calculated,GMU,,98699542,0.6530342400019656,SERTP,East,500.0,43.160089738113044,-18.414692962618147
Gleason,36.246,-88.612,GIC,calculated,GMU,,106759357,0.9440160013915433,SERTP,East,500.0,45.03690300440436,-18.296368767348135
Johnsonville,36.029,-87.985,GIC,calculated,GMU,,106782533,1.039608708631705,SERTP,East,161.0,44.8511515683252,-17.563606522631652
Bull Run,36.0193,-84.1575,GIC,calculated,GMU,,108137138,0.5554131998087664,SERTP,East,500.0,45.00365886834757,-13.196391080826285
Sullivan,36.4419,-82.2791,GIC,calculated,GMU,,108718796,1.3050919687734381,SERTP,East,500.0,45.48898750984061,-11.071121537002373
Paradise 3,37.2587,-86.9781,GIC,calculated,GMU,,157842592,0.6772767922631994,SERTP,East,500.0,46.125907175982604,-16.515512597321504
Rutherford,35.8275,-86.5986,GIC,calculated,GMU,,164138694,0.7616738866511537,SERTP,East,500.0,44.71388537196104,-15.968337366724308
Weakley,36.2752,-88.8347,GIC,calculated,GMU,,287491782,0.9126381392221878,SERTP,East,500.0,45.05479791195926,-18.552613412253134
Montgomery,36.5949,-87.2533,GIC,calculated,GMU,,708931360,1.0349744841285202,SERTP,East,500.0,45.450598795645895,-16.775975928036516
Pinhook,36.0465,-86.6059,GIC,calculated,GMU,,1210590700,0.7895845317566931,SERTP,East,500.0,44.93224063460438,-15.993435965460716
10659,42.5,-87.9,GIC,calculated,GMU,,40397417,1.4085185528992998,MISO,Central,345.0,51.31334588685492,-18.079532705806013
10077,42.3,-87.9,GIC,calculated,GMU,,177767948,1.3255865352890053,PJM,East,138.0,51.113796890001325,-18.05810325745471
10238,31.5,-83.5,GIC,calculated,GMU,,53154820,0.9257162349465203,SERTP,East,230.0,40.51147953480865,-12.192004677450699
10203,35.0,-85.3,GIC,calculated,GMU,,53159889,0.9965265442323361,SERTP,East,,43.94188467931865,-14.431330390248625
10113,45.6,-121.1,GIC,calculated,GMU,,55975045,0.6593937188565016,NorthernGridUnconnected,West,500.0,51.20970548000447,-56.706094970053655
10076,41.8,-88.0,GIC,calculated,GMU,,71870004,0.9543020586643974,PJM,East,,50.60995241391443,-18.122548497006406
10402,39.5,-78.9,GIC,calculated,GMU,,73877825,1.100117757927958,PJM,East,138.0,48.63177453614444,-7.307383612758659
10428,36.7,-76.5,GIC,calculated,GMU,,80921422,1.305214367144753,PJM,East,,45.87158736398858,-4.439358285256384
10187,41.0,-81.6,GIC,calculated,GMU,,86822197,0.6117421374360327,PJM,East,,50.06407031681192,-10.54398227762176
10052,44.9,-97.0,GIC,calculated,GMU,,86958445,1.4613600380655098,SPP,Central,,53.12266961345263,-29.12745069034996
10195,39.7,-74.9,GIC,calculated,GMU,,95131944,2.354882212141629,PJM,East,,48.88714710561965,-2.6379460426467483
10184,39.0,-78.2,GIC,calculated,GMU,,97213220,2.0985156906484956,PJM,East,500.0,48.145346570029155,-6.472703866746861
10204,35.3,-89.8,GIC,calculated,GMU,,97859576,0.6301141833833783,SERTP,East,,44.031250587674315,-19.56100656202307
10114,46.5,-116.9,GIC,calculated,GMU,,98830488,0.7795147586163345,NorthernGridConnected,West,,52.64021560165123,-52.33627905181433
10115,47.6,-114.6,GIC,calculated,GMU,,102517038,0.28910620589509867,NorthernGridUnconnected,West,230.0,54.0081695069637,-50.0933171309639
10079,41.5,-87.6,GIC,calculated,GMU,,104296608,0.7866879617083581,PJM,East,345.0,50.33021682768986,-17.62302944567575
10063,33.4,-112.5,GIC,calculated,GMU,,105031194,0.5072943140435764,WestConnect,West,,40.22740945985168,-44.48588093491899
10660,36.2,-88.6,GIC,calculated,GMU,,106759357,0.9314245148534188,SERTP,East,,44.991593676530044,-18.278656716731895
10693,36.0,-84.1,GIC,calculated,GMU,,108137138,0.5592615251552008,SERTP,East,161.0,44.98647085433417,-13.12945655397281
10197,36.4,-82.2,GIC,calculated,GMU,,108718796,1.4198283724986611,SERTP,East,,45.449534970297165,-10.978157018561866
10185,39.3,-81.3,GIC,calculated,GMU,,138212810,0.458449579058219,PJM,East,,48.373850972553626,-10.095633382706183
10099,41.4,-73.4,GIC,calculated,GMU,,140295802,2.7748233392986035,NYISO,East,,50.59450122317118,-0.891235153758555
10220,39.4,-87.4,GIC,calculated,GMU,,391063456,0.4903456338448295,MISO,Central,,48.24392540823319,-17.18780955304964
10208,35.8,-86.5,GIC,calculated,GMU,,164138694,0.7257450701500456,SERTP,East,,44.69074512219268,-15.853918042153868
10186,42.0,-80.0,GIC,calculated,GMU,,175954899,0.5616616324596242,PJM,East,,51.10620547414608,-8.713989993608994
10622,39.3,-86.5,GIC,calculated,GMU,,178843564,0.5118813171556331,MISO,Central,69.0,48.18533820217912,-16.136302467294257
10250,34.1,-80.9,GIC,calculated,GMU,,185201670,1.9961869176524898,SCRTP,East,,43.18762296589227,-9.383858862125118
10255,45.7,-94.7,GIC,calculated,GMU,,872338053,2.069921759555765,MISO,Central,,54.08981717951189,-26.559116082770103
10212,36.0,-86.6,GIC,calculated,GMU,,1210590700,0.7824508982511382,SERTP,East,161.0,44.886069244353706,-15.983135043644788
